Team,SOS,NET,Offensive Rating,Defensive Rating,EFG,TS%,ORB%,DRB%,TRB%,AST%,STL%,BLK%,PACE,3PAR,FTAR,PPG,FG%,2FG%,3FG%,FT%,APG,AST-TOV,Allowed_PPG,Allowed_FG%,2Point_Allowed_FG%,3Point_Allowed_FG%,SPG,BPG,Fouls,ADJOE,ADJDE,BARTHAG,WAB,CONF
Duke,23,1,125.5,93.7,0.58,0.62,0.34,0.73,0.56,0.58,0.1,0.07,66.7,0.448,0.326,83.7,0.5,0.58,0.39,0.79,17,1.81,62.6,0.39,0.43,0.31,6.7,3.9,15.8,130.21,91.84,0.98242,9.35,ACC
Gonzaga,42,8,121.8,98.1,0.56,0.6,0.33,0.73,0.54,0.62,0.11,0.05,70.2,0.336,0.307,86.4,0.5,0.58,0.35,0.8,19.7,2.07,69.9,0.41,0.49,0.3,7.5,3,16.9,124.711,96.628,0.94998,2.632,WCC
Florida,14,4,121.2,98.7,0.55,0.58,0.39,0.71,0.56,0.53,0.11,0.07,70.5,0.437,0.343,85.4,0.47,0.56,0.36,0.73,15.7,1.44,69.7,0.4,0.46,0.3,7.4,4.5,17.3,128.62,94.815,0.97084,11.03,SEC
High Point,190,82,120.6,105.2,0.56,0.6,0.34,0.69,0.52,0.45,0.09,0.05,67.1,0.394,0.372,81.2,0.49,0.57,0.37,0.76,12.8,1.25,70.7,0.43,0.49,0.33,5.8,2.6,18.3,117.73,108.121,0.725783,-1.866,BSth
Auburn,2,2,120.4,99.6,0.55,0.58,0.34,0.71,0.53,0.55,0.1,0.1,68.9,0.407,0.338,83.2,0.48,0.56,0.36,0.73,16.3,1.74,69.2,0.41,0.47,0.3,6.8,6,18.4,128.13,93.09,0.97543,12.61,SEC
Villanova,107,55,119.7,109.2,0.55,0.6,0.3,0.73,0.52,0.49,0.09,0.04,61.6,0.436,0.289,73.7,0.46,0.51,0.4,0.8,12.1,1.26,67.4,0.43,0.5,0.35,5.5,2.2,15,119.62,102.595,0.855845,-2.874,BE
Missouri,24,16,119.4,105.1,0.56,0.6,0.34,0.68,0.51,0.49,0.13,0.05,69.8,0.414,0.471,83.6,0.48,0.56,0.37,0.73,13.5,1.24,73.6,0.45,0.51,0.34,9.4,2.6,18.3,125.97,101.18,0.926019,3.13,SEC
Texas Tech,30,7,119.4,101.3,0.55,0.58,0.34,0.72,0.53,0.56,0.09,0.06,66.6,0.444,0.292,80.9,0.47,0.55,0.37,0.76,16.1,1.67,68.5,0.43,0.48,0.32,6.3,3.1,15.8,126.06,97.436,0.95057,5.711,B12
North Dakota State,275,136,118.9,112.5,0.58,0.62,0.26,0.71,0.5,0.55,0.05,0.03,66.7,0.536,0.326,80.7,0.48,0.57,0.4,0.79,14.9,1.41,76,0.45,0.51,0.34,3.6,1.8,15.1,115.552,111.327,0.6050122,-6.513,Sum
Oregon State,170,85,118.9,109.5,0.55,0.61,0.32,0.72,0.53,0.55,0.1,0.05,62.9,0.359,0.389,75.7,0.48,0.55,0.37,0.79,13.9,1.32,69.3,0.44,0.5,0.35,6,2.7,15.6,115.849,107.9206,0.691494,-4.496,WCC
Alabama,1,6,118.8,105.9,0.57,0.6,0.34,0.71,0.54,0.55,0.08,0.07,75.8,0.466,0.393,90.7,0.48,0.6,0.35,0.72,17.1,1.35,81.3,0.43,0.49,0.3,6.2,4.5,19,127.74,96.526,0.96185,10.04,SEC
Utah State,80,37,117.6,105.2,0.55,0.58,0.35,0.7,0.52,0.61,0.12,0.05,67,0.426,0.37,78.8,0.48,0.58,0.35,0.7,16.8,1.56,70.5,0.44,0.53,0.34,8.3,2.8,18.2,121.416,105.4148,0.835554,2.136,MWC
Saint Thomas,301,118,117.4,109.2,0.58,0.61,0.22,0.69,0.46,0.52,0.1,0.05,69.2,0.468,0.34,81.6,0.49,0.58,0.38,0.78,14.6,1.53,76.1,0.45,0.52,0.36,6.8,3.1,18.3,114.06,108.9231,0.6300113,-5.3113,Sum
Connecticut,67,32,117.3,104.2,0.55,0.59,0.36,0.72,0.55,0.64,0.08,0.11,64.7,0.427,0.308,77,0.48,0.57,0.35,0.79,17.3,1.56,68,0.42,0.46,0.35,5.4,6.2,18.3,121.515,101.077,0.893832,2.335,BE
BYU,58,25,117.2,105,0.57,0.59,0.34,0.74,0.54,0.59,0.1,0.05,68.3,0.476,0.304,81.4,0.48,0.59,0.37,0.71,17.2,1.43,72.6,0.43,0.5,0.36,7.1,3.1,16.3,126.85,100.164,0.938314,4.721,B12
Yale,111,72,116.8,103.2,0.55,0.58,0.33,0.74,0.54,0.54,0.08,0.06,69,0.322,0.318,80.7,0.49,0.53,0.38,0.73,15.8,1.58,70.9,0.41,0.48,0.33,5.7,3.5,16.4,114.061,104.0116,0.740978,-2.773,Ivy
Houston,12,3,116.7,92.2,0.52,0.55,0.37,0.71,0.54,0.46,0.12,0.09,62.4,0.346,0.274,74,0.45,0.48,0.4,0.74,12.3,1.36,58.3,0.38,0.45,0.3,7.9,4.5,16.2,125.29,87.41,0.98421,11.42,B12
Purdue,4,19,116.7,106.4,0.56,0.59,0.32,0.7,0.52,0.58,0.1,0.03,66.2,0.384,0.346,77.2,0.49,0.55,0.38,0.73,15.9,1.53,70.4,0.45,0.56,0.31,6.4,1.6,15.9,125.48,99.354,0.935715,4.623,B10
Arizona,8,12,116.5,103.1,0.53,0.58,0.36,0.72,0.55,0.56,0.11,0.07,70.3,0.347,0.358,82.5,0.47,0.55,0.34,0.78,16.2,1.42,73.3,0.42,0.48,0.34,7.6,4.4,16.9,124.91,97.333,0.94641,5.315,B12
Wisconsin,29,15,116.4,102.8,0.54,0.58,0.28,0.73,0.52,0.54,0.07,0.04,68.6,0.482,0.342,80.1,0.45,0.55,0.35,0.83,14.5,1.51,70.9,0.42,0.47,0.33,5.1,2.4,16.5,123.013,96.831,0.940212,6.21,B10
Kentucky,3,14,116.1,106.8,0.56,0.59,0.28,0.74,0.52,0.57,0.1,0.06,72.5,0.412,0.352,84.4,0.48,0.56,0.38,0.73,16.9,1.54,77.2,0.44,0.54,0.31,6.9,4,17.2,123.512,98.441,0.931617,5.512,SEC
Cornell,155,120,116,109.2,0.59,0.61,0.25,0.71,0.5,0.6,0.08,0.05,71.9,0.486,0.287,83.4,0.5,0.61,0.38,0.76,17.9,1.49,78.7,0.46,0.52,0.35,6,3,16.9,114.856,110.9263,0.5982128,-7.2143,Ivy
Santa Clara,90,57,116,102.8,0.56,0.59,0.33,0.73,0.54,0.6,0.09,0.05,69.9,0.464,0.284,81.9,0.47,0.55,0.38,0.73,17.3,1.46,73,0.43,0.51,0.31,6.5,3,16.4,116.54,100.268,0.850047,-3.582,WCC
SMU,100,46,116,102.2,0.55,0.58,0.36,0.7,0.54,0.56,0.12,0.06,68.9,0.351,0.367,79.9,0.48,0.53,0.38,0.71,15.9,1.33,71.3,0.41,0.47,0.33,8.1,3.7,16.9,116.246,101.079,0.833155,-0.657,ACC
UC San Diego,148,35,115.8,94.1,0.55,0.58,0.26,0.71,0.49,0.57,0.14,0.04,66.9,0.496,0.334,77.5,0.46,0.56,0.36,0.75,15,1.67,63,0.4,0.46,0.33,9.4,2.2,16.7,112.973,97.537,0.844551,0.846,BW
Iowa,61,63,115.5,110.8,0.57,0.59,0.25,0.68,0.46,0.6,0.09,0.07,71.1,0.41,0.26,82.5,0.49,0.57,0.38,0.71,18.3,1.87,79.7,0.48,0.56,0.34,6.6,4.2,15.5,119.919,106.5176,0.795865,-2.369,B10
UAB,85,106,115.5,108.9,0.5,0.54,0.38,0.7,0.53,0.53,0.09,0.07,70,0.294,0.314,81.4,0.45,0.5,0.34,0.76,15.8,1.63,76.6,0.45,0.51,0.35,6.5,4.2,15.6,116.541,108.7226,0.689295,-6.1124,Amer
Chattanooga,153,115,115.4,107.6,0.57,0.6,0.26,0.7,0.49,0.6,0.1,0.05,67.2,0.454,0.314,79.2,0.48,0.58,0.37,0.77,16.7,1.62,73.9,0.44,0.51,0.35,6.9,2.9,16.2,114.857,110.8262,0.6010126,-4.188,SC
Akron,131,91,114.8,104.6,0.55,0.58,0.32,0.71,0.52,0.58,0.1,0.06,72.4,0.452,0.27,83.4,0.47,0.55,0.36,0.75,17.2,1.45,76.4,0.44,0.51,0.32,7.5,3.7,18.2,113.466,106.8181,0.66531,-1.763,MAC
Maryland,40,10,114.7,95,0.54,0.57,0.31,0.72,0.52,0.49,0.11,0.08,70.4,0.353,0.331,81.1,0.47,0.52,0.37,0.75,14.2,1.4,67.2,0.42,0.48,0.31,7.9,4.4,15.3,118.427,92.15,0.94759,4.82,B10
VCU,97,31,114.7,94.3,0.52,0.56,0.37,0.7,0.53,0.57,0.12,0.1,66.2,0.478,0.315,76.2,0.44,0.54,0.34,0.74,14.9,1.33,63,0.39,0.44,0.31,8.2,5.4,18.1,116.048,96.627,0.891633,0.944,A10
Illinois,16,17,114.6,102.9,0.52,0.56,0.36,0.74,0.56,0.52,0.06,0.06,72.4,0.472,0.344,83.6,0.45,0.57,0.31,0.76,14.9,1.27,74.8,0.42,0.46,0.34,4.3,4.1,16.2,122.414,98.543,0.92402,3.627,B10
Clemson,54,22,114.5,98.8,0.53,0.57,0.34,0.7,0.52,0.52,0.11,0.06,65,0.389,0.283,76.1,0.46,0.52,0.37,0.77,14.2,1.35,65.8,0.43,0.5,0.32,7.4,3.5,15.2,117.334,95.519,0.914226,4.622,ACC
Iowa State,46,9,114.4,96.9,0.55,0.59,0.32,0.72,0.53,0.53,0.13,0.06,69.3,0.368,0.379,80.3,0.48,0.56,0.36,0.75,15,1.25,68.3,0.42,0.48,0.34,9.3,3.4,16.2,119.421,93.21,0.944911,5.316,B12
Tennessee,6,5,114.4,96.8,0.53,0.56,0.36,0.7,0.54,0.61,0.11,0.08,64.7,0.434,0.355,74,0.45,0.54,0.34,0.75,15.4,1.47,63.1,0.39,0.47,0.29,6.9,4.7,15.2,120.118,91.73,0.95706,9.26,SEC
UNCW,160,102,114.4,104.5,0.52,0.56,0.35,0.72,0.54,0.55,0.09,0.06,66.3,0.364,0.374,76.6,0.46,0.54,0.33,0.76,14.7,1.36,70.3,0.43,0.51,0.34,6.3,3.4,16.8,112.379,106.6178,0.6455108,-3.379,CAA
North Alabama,283,113,114.3,104.8,0.51,0.54,0.33,0.71,0.52,0.42,0.11,0.05,67.3,0.345,0.31,77.5,0.45,0.51,0.35,0.7,11.9,1.38,71,0.43,0.52,0.33,7.2,3.2,15,110.897,107.0185,0.6008127,-5.9121,ASun
North Texas,93,65,114.3,101.6,0.52,0.58,0.33,0.72,0.53,0.45,0.12,0.05,59,0.368,0.358,67.5,0.45,0.5,0.36,0.77,10.2,1.01,60.6,0.41,0.48,0.3,7,2.6,14.8,109.7112,98.744,0.772069,-1.865,Amer
Lipscomb,241,84,114.2,100.7,0.56,0.59,0.24,0.73,0.5,0.55,0.1,0.05,67.2,0.476,0.312,77,0.47,0.57,0.36,0.8,14.6,1.47,68.2,0.43,0.51,0.31,6.7,2.8,12.8,109.9108,104.3123,0.6473107,-4.392,ASun
Northern Colorado,286,114,114,106.7,0.57,0.6,0.26,0.78,0.52,0.52,0.09,0.04,68.9,0.375,0.33,79.4,0.5,0.58,0.37,0.73,15.1,1.37,74.5,0.46,0.52,0.35,5.9,2.1,18,112.184,107.4189,0.6208117,-4.291,BSky
Saint Mary's College,49,21,113.8,96.5,0.5,0.53,0.4,0.75,0.57,0.56,0.1,0.07,63.5,0.332,0.311,72.7,0.45,0.51,0.32,0.7,15,1.57,61.8,0.42,0.46,0.32,6.1,4,15.1,114.159,92.98,0.913627,4.224,WCC
Illinois State,140,121,113.7,108.6,0.56,0.59,0.25,0.75,0.5,0.54,0.08,0.03,65.6,0.467,0.318,74.9,0.48,0.57,0.37,0.75,14.1,1.35,72.4,0.46,0.53,0.36,5.6,1.8,16.9,112.971,108.8228,0.6066121,-7.9155,MVC
McNeese,127,58,113.5,97.9,0.53,0.56,0.35,0.68,0.52,0.5,0.13,0.06,65.8,0.366,0.353,74.7,0.47,0.53,0.35,0.69,13.3,1.24,64.5,0.4,0.47,0.32,8.8,3.5,16.7,113.564,99.963,0.813359,-0.758,Slnd
Texas,50,39,113.5,104.3,0.53,0.57,0.3,0.71,0.51,0.47,0.09,0.07,68.2,0.353,0.368,78.5,0.46,0.52,0.36,0.75,12.9,1.29,72.6,0.43,0.48,0.34,6.3,4.3,18.7,117.532,100.874,0.852646,0.0851,SEC
North Carolina,17,36,113.4,104.8,0.54,0.58,0.29,0.73,0.52,0.51,0.08,0.06,70.7,0.372,0.348,80.7,0.48,0.55,0.36,0.74,14.7,1.37,74.7,0.43,0.49,0.34,6,3.6,16.9,119.322,99.762,0.886734,1.243,ACC
Samford,164,116,113.2,107,0.55,0.57,0.35,0.67,0.5,0.56,0.13,0.06,71.4,0.471,0.294,81.5,0.46,0.54,0.37,0.72,16.1,1.21,76.8,0.46,0.54,0.35,9.6,3.4,19.8,110.898,109.3238,0.5389146,-4.9108,SC
Louisville,31,24,113.1,100.4,0.53,0.57,0.32,0.73,0.53,0.51,0.09,0.05,69.2,0.478,0.337,78.5,0.45,0.57,0.33,0.75,13.9,1.23,69.5,0.43,0.49,0.34,6.4,2.8,15.6,118.028,95.821,0.915825,5.314,ACC
Boise State,73,44,112.9,99.4,0.52,0.57,0.33,0.78,0.56,0.56,0.08,0.05,65.8,0.43,0.382,74.6,0.46,0.56,0.31,0.78,14.2,1.29,65.9,0.43,0.49,0.34,5.5,2.5,16.3,115.054,98.947,0.850048,-0.1554,MWC
South Dakota State,263,130,112.9,107.3,0.54,0.57,0.34,0.79,0.57,0.49,0.06,0.04,70,0.399,0.312,79,0.47,0.55,0.35,0.75,13.8,1.12,75.1,0.43,0.52,0.33,4.4,2.3,16.9,109.711,106.8182,0.5769133,-6.3125,Sum
Bradley,86,80,112.8,103,0.57,0.6,0.26,0.72,0.51,0.53,0.09,0.07,65.9,0.423,0.324,75.4,0.48,0.55,0.4,0.75,14,1.21,69.3,0.41,0.47,0.32,6.1,3.8,16.8,111.79,103.1104,0.716287,-1.764,MVC
Mississippi State,22,34,112.8,105.7,0.52,0.55,0.34,0.7,0.52,0.53,0.13,0.08,69.7,0.427,0.315,79.5,0.45,0.55,0.31,0.7,15.2,1.42,74.2,0.44,0.5,0.36,9.1,4.4,17.4,118.5,99.1,0.8861,3,SEC
Baylor,15,30,112.7,106.2,0.51,0.55,0.36,0.69,0.52,0.53,0.11,0.05,65.5,0.401,0.305,75.2,0.44,0.51,0.34,0.75,14.1,1.33,70.3,0.45,0.51,0.36,7.3,2.6,16.5,121.317,100.266,0.900428,1.939,B12
Dayton,60,67,112.6,105.9,0.53,0.57,0.29,0.71,0.51,0.59,0.11,0.06,66,0.41,0.374,75.4,0.46,0.52,0.36,0.75,15.2,1.46,71.3,0.44,0.53,0.33,7.1,3.4,16.1,115.055,105.3145,0.733479,-1.662,A10
Pittsburgh,78,61,112.6,105.2,0.52,0.56,0.29,0.7,0.5,0.51,0.11,0.07,66.9,0.414,0.342,75.9,0.45,0.52,0.35,0.78,13.4,1.34,70.8,0.44,0.5,0.35,7.3,4.1,16.4,113.962,103.0102,0.760872,-4.087,ACC
Vanderbilt,43,48,112.5,106.1,0.52,0.55,0.32,0.7,0.5,0.5,0.13,0.07,69.9,0.405,0.335,78.9,0.45,0.54,0.33,0.75,13.8,1.36,74.3,0.46,0.52,0.37,9,3.9,17.9,118.624,101.078,0.864144,1.54,SEC
Wofford,115,131,112.5,108.7,0.53,0.55,0.35,0.74,0.54,0.55,0.08,0.05,64.4,0.477,0.306,73.1,0.45,0.54,0.35,0.67,14.2,1.29,70.8,0.44,0.52,0.35,5.5,2.6,17.3,111.987,109.925,0.5496141,-9.7193,SC
Colorado State,64,47,112.4,100.3,0.56,0.59,0.27,0.74,0.52,0.62,0.08,0.05,66.2,0.428,0.316,75.2,0.48,0.56,0.36,0.78,16.5,1.43,67.3,0.42,0.48,0.33,5.1,2.8,17.2,117.531,99.048,0.878539,0.647,MWC
Drake,118,56,112.4,99.2,0.54,0.57,0.35,0.74,0.54,0.55,0.14,0.05,59.8,0.362,0.427,68.5,0.47,0.54,0.36,0.7,13,1.17,60.2,0.45,0.54,0.31,8.8,2.4,16.2,113.17,97.738,0.843352,2.634,MVC
South Dakota,322,233,112.4,115.5,0.5,0.55,0.3,0.64,0.47,0.38,0.1,0.05,75.1,0.375,0.454,84.4,0.44,0.52,0.32,0.71,10.8,1.14,86.6,0.48,0.55,0.36,7.3,3.1,19.1,108.5133,114.4319,0.3509237,-9.018,Sum
Michigan State,11,11,112.1,97.2,0.51,0.56,0.35,0.75,0.56,0.61,0.08,0.08,69.1,0.329,0.377,77.7,0.46,0.53,0.31,0.78,16.5,1.46,67.1,0.41,0.49,0.28,5.3,4.6,16.7,117.136,92.37,0.939313,8.17,B10
Ohio State,28,41,112.1,105.1,0.54,0.57,0.29,0.7,0.5,0.48,0.09,0.06,68.7,0.379,0.358,78.8,0.47,0.53,0.37,0.75,13.1,1.19,73.5,0.43,0.5,0.3,6.4,3.4,19.6,117.333,99.761,0.866343,-0.759,B10
Oklahoma,38,43,111.9,106.8,0.54,0.59,0.27,0.68,0.48,0.52,0.11,0.04,69.9,0.416,0.399,78.3,0.47,0.54,0.37,0.8,13.4,1.11,74.6,0.45,0.55,0.3,7.8,2.3,18.5,117.038,100.67,0.849649,2.037,SEC
UCLA,37,27,111.8,98.6,0.53,0.56,0.33,0.7,0.51,0.61,0.12,0.06,66.3,0.365,0.323,74.2,0.46,0.53,0.35,0.71,16.3,1.54,65.2,0.43,0.51,0.33,8.1,3.1,17.3,117.729,94.314,0.927518,3.528,B10
Marquette,33,26,111.7,100,0.52,0.55,0.3,0.69,0.49,0.49,0.13,0.07,68,0.465,0.259,76.6,0.44,0.55,0.33,0.72,13.7,1.47,68.7,0.44,0.51,0.32,9,3.6,16,116.739,96.83,0.89573,3.726,BE
Purdue Fort Wayne,243,156,111.6,107.2,0.55,0.58,0.22,0.67,0.44,0.48,0.11,0.04,70.3,0.456,0.291,79.4,0.46,0.54,0.37,0.75,13.3,1.35,76.3,0.47,0.56,0.33,8.1,2.6,16.2,107.9139,108.6222,0.4799171,-8.4166,Horz
Belmont,129,129,111.5,109.2,0.55,0.57,0.27,0.71,0.49,0.6,0.1,0.05,70.5,0.446,0.261,78.9,0.46,0.53,0.38,0.71,17.1,1.52,76.8,0.46,0.55,0.35,7,3.1,15.6,112.183,108.2212,0.6022124,-5.211,MVC
Omaha,221,160,111.5,110.8,0.53,0.56,0.3,0.74,0.52,0.5,0.08,0.04,69,0.391,0.36,77,0.46,0.52,0.36,0.73,13.3,1.23,76.2,0.45,0.54,0.35,5.8,2.2,18.4,112.085,109.0236,0.5776132,-6.6133,Sum
Xavier,71,45,111.5,102.6,0.54,0.58,0.24,0.75,0.5,0.63,0.11,0.04,69.6,0.376,0.367,78.1,0.47,0.51,0.39,0.79,16.7,1.53,71.6,0.45,0.51,0.34,7.7,2.5,15.7,117.137,98.745,0.87634,0.549,BE
FAU,84,111,111.4,108.5,0.53,0.56,0.31,0.69,0.5,0.57,0.09,0.07,69.3,0.403,0.333,78.1,0.46,0.54,0.35,0.7,15.8,1.38,76.4,0.44,0.47,0.37,6,4.4,17.4,112.576,107.5192,0.6295114,-7.8154,Amer
Montana,183,143,111.3,110.3,0.56,0.59,0.23,0.71,0.48,0.49,0.09,0.05,67.3,0.368,0.356,75.2,0.49,0.57,0.36,0.75,13.2,1.21,75,0.47,0.54,0.34,6.1,3,16.5,111.888,109.0234,0.5732134,-3.177,BSky
Toledo,137,238,111.2,116.8,0.51,0.55,0.3,0.69,0.49,0.46,0.08,0.04,69.8,0.285,0.355,77.9,0.46,0.51,0.34,0.76,12.7,1.33,81.1,0.49,0.56,0.38,5.2,2.6,15.9,111.193,118.7355,0.318025,-9.0178,MAC
UNC Asheville,194,192,111.2,112,0.52,0.55,0.3,0.66,0.48,0.46,0.1,0.07,70,0.35,0.344,78.9,0.46,0.52,0.34,0.72,12.9,1.22,79.5,0.47,0.54,0.35,7.2,4.1,19.3,107.0158,112.6299,0.3577233,-6.5131,BSth
Cincinnati,66,50,111.1,101.7,0.51,0.55,0.32,0.7,0.51,0.51,0.11,0.08,63.8,0.381,0.234,70.9,0.45,0.53,0.32,0.67,13.3,1.34,65.6,0.43,0.48,0.33,7.1,4.3,13.5,111.889,95.016,0.867142,-1.26,B12
Nevada,116,79,111,103.9,0.54,0.57,0.27,0.74,0.51,0.59,0.1,0.07,64.7,0.374,0.373,72.3,0.47,0.55,0.34,0.7,15,1.48,68.1,0.43,0.5,0.36,6.2,3.6,17.5,112.28,104.112,0.704089,-6.6134,MWC
Penn State,82,66,111,103.4,0.54,0.58,0.29,0.71,0.5,0.58,0.11,0.07,71.3,0.362,0.379,79.1,0.48,0.56,0.34,0.76,16,1.29,73.2,0.45,0.51,0.35,8.1,4.1,16.5,114.258,100.871,0.80736,-3.583,B10
Eastern Kentucky,282,187,110.9,109.7,0.5,0.53,0.32,0.67,0.49,0.47,0.12,0.06,67.8,0.422,0.26,76.5,0.42,0.48,0.35,0.77,12.6,1.32,75.9,0.46,0.52,0.35,8.3,3.5,16.9,109.2117,111.3269,0.4452186,-8.9177,ASun
Furman,156,127,110.9,106,0.54,0.56,0.3,0.69,0.5,0.64,0.09,0.06,66.1,0.515,0.346,74.2,0.45,0.54,0.36,0.69,16.1,1.41,71.1,0.43,0.5,0.33,6.2,3.2,15.2,110.1103,107.8202,0.5606138,-4.598,SC
Radford,213,161,110.9,109.2,0.51,0.56,0.34,0.7,0.52,0.44,0.08,0.05,64.2,0.363,0.413,71.7,0.45,0.5,0.36,0.76,10.6,0.93,71,0.44,0.49,0.36,5.1,2.9,17.7,109.9109,109.4239,0.5121153,-7.4147,BSth
UCF,48,71,110.9,111.2,0.49,0.56,0.32,0.66,0.49,0.52,0.11,0.07,70.4,0.413,0.363,79.2,0.42,0.49,0.34,0.78,13.5,1.1,80,0.45,0.52,0.33,7.6,4.3,16.7,115.053,103.7111,0.76767,-2.168,B12
Wright State,199,220,110.9,112.1,0.56,0.58,0.28,0.72,0.51,0.52,0.08,0.05,68.1,0.378,0.271,76.5,0.49,0.55,0.39,0.7,14.9,1.22,77.5,0.47,0.52,0.37,5.6,3,17,109.2119,113.331,0.394621,-13.6267,Horz
Arkansas State,139,94,110.8,100,0.5,0.53,0.34,0.7,0.52,0.51,0.1,0.07,70.5,0.446,0.33,78.7,0.42,0.51,0.32,0.73,13.9,1.35,70.5,0.41,0.46,0.3,7.3,4.4,18.4,110.996,102.797,0.709388,-4.599,SB
Creighton,34,38,110.7,102.8,0.56,0.59,0.26,0.73,0.52,0.63,0.05,0.07,67.7,0.489,0.286,75.5,0.48,0.6,0.35,0.73,17.1,1.4,70,0.41,0.46,0.33,3.6,4.5,11.1,118.624,98.542,0.894931,3.129,BE
Memphis,26,49,110.7,102.2,0.53,0.57,0.35,0.68,0.52,0.52,0.11,0.08,71.4,0.333,0.392,79.9,0.47,0.52,0.38,0.7,14.4,1.04,73.4,0.42,0.49,0.32,7.7,4.7,17.9,112.281,99.15,0.806861,4.918,Amer
Ole Miss,5,28,110.7,103,0.51,0.55,0.26,0.7,0.47,0.53,0.13,0.07,69.3,0.4,0.353,77.2,0.45,0.51,0.35,0.74,14.1,1.57,71.7,0.43,0.52,0.33,8.8,3.7,18.3,119.223,96.932,0.915923,4.819,SEC
Oregon,13,29,110.7,101.5,0.53,0.56,0.31,0.71,0.52,0.53,0.1,0.06,68.4,0.383,0.33,76.5,0.46,0.53,0.34,0.76,14.3,1.27,70.9,0.43,0.5,0.32,7.2,3.7,16.3,116.343,96.224,0.898329,5.413,B10
Northern Iowa,79,93,110.6,103.2,0.55,0.58,0.25,0.75,0.51,0.53,0.09,0.05,65.4,0.363,0.351,72.6,0.49,0.55,0.37,0.69,13.8,1.32,67.8,0.44,0.5,0.36,5.8,2.9,14.7,108.6131,102.899,0.6512105,-6.3127,MVC
Liberty,142,60,110.5,97.7,0.58,0.59,0.19,0.72,0.47,0.61,0.09,0.05,66.4,0.482,0.303,73.7,0.49,0.58,0.39,0.65,16.1,1.57,65.2,0.42,0.48,0.29,6.1,3,14,112.086,99.049,0.805262,-0.3355,CUSA
Miami (OH),240,147,110.5,104,0.55,0.58,0.27,0.71,0.5,0.55,0.11,0.06,70,0.44,0.281,77.7,0.47,0.54,0.38,0.72,15.4,1.26,73.3,0.45,0.52,0.34,7.6,3.5,18,108.1136,106.4172,0.5454143,-4.497,MAC
James Madison,108,158,110.2,108.6,0.51,0.54,0.32,0.7,0.5,0.46,0.09,0.06,65,0.452,0.304,72.3,0.43,0.5,0.34,0.76,11.4,1.1,71.3,0.45,0.5,0.36,6,3.1,16.6,110.5101,110.2252,0.5070155,-7.4149,SB
Saint John's,52,13,110.2,92.6,0.49,0.52,0.38,0.7,0.54,0.54,0.13,0.09,70.2,0.31,0.303,78.5,0.45,0.51,0.3,0.69,15.7,1.44,65.8,0.4,0.46,0.31,8.9,5.2,16.7,113.268,89.82,0.934616,7.98,BE
UC Santa Barbara,262,140,110.2,104.2,0.55,0.58,0.27,0.71,0.5,0.58,0.09,0.05,66.4,0.474,0.297,73.2,0.46,0.52,0.38,0.77,14.7,1.21,69.4,0.43,0.51,0.31,6,3,17.2,108.4134,107.9205,0.5144151,-8.2162,BW
North Florida,272,262,110.1,116.4,0.53,0.55,0.28,0.66,0.46,0.54,0.08,0.05,72.6,0.54,0.248,80.9,0.44,0.54,0.35,0.68,15.4,1.4,85.7,0.49,0.55,0.36,6.2,3.2,18.1,107.7146,117.3349,0.2732275,-11.7229,ASun
Ohio,134,179,110.1,106.9,0.53,0.57,0.24,0.71,0.48,0.49,0.1,0.05,71.3,0.401,0.335,79.1,0.46,0.54,0.35,0.77,13.7,1.27,77.3,0.46,0.5,0.38,7.2,2.9,17.8,106.8162,108.4214,0.4559178,-11.7231,MAC
UC Irvine,99,62,110.1,97.5,0.52,0.58,0.28,0.74,0.53,0.6,0.09,0.06,67.7,0.355,0.355,75.6,0.45,0.51,0.35,0.81,15.3,1.24,66.9,0.4,0.43,0.34,6.3,3.3,15.2,106.0189,97.435,0.725684,-0.0453,BW
USC,27,70,110.1,108.8,0.55,0.58,0.28,0.69,0.49,0.57,0.09,0.05,69.3,0.347,0.364,76.9,0.48,0.54,0.37,0.75,15.4,1.25,75.5,0.46,0.54,0.33,6.4,3,18,117.235,102.898,0.817656,-3.684,B10
Washington State,132,112,110.1,108.8,0.57,0.59,0.31,0.67,0.5,0.59,0.09,0.08,71.4,0.413,0.327,78.9,0.49,0.58,0.36,0.7,16.9,1.16,78.6,0.45,0.52,0.34,6.4,4.9,19,113.169,106.8183,0.6582103,-4.9106,WCC
Winthrop,180,163,110.1,107,0.53,0.56,0.31,0.69,0.5,0.43,0.1,0.05,73.9,0.384,0.477,82.3,0.47,0.55,0.34,0.66,12,0.91,79.8,0.45,0.51,0.35,7.8,3.3,20.3,107.515,108.2211,0.4822167,-6.3126,BSth
Georgia,18,33,109.9,101.8,0.52,0.56,0.36,0.68,0.53,0.48,0.11,0.09,68.6,0.37,0.401,75.3,0.46,0.54,0.33,0.72,12.5,0.96,69.9,0.41,0.48,0.32,7.8,5.1,16.6,115.75,96.829,0.886335,2.038,SEC
San Francisco,72,64,109.9,100.6,0.53,0.56,0.29,0.72,0.51,0.52,0.09,0.06,69.1,0.437,0.347,76.2,0.45,0.54,0.34,0.72,13.8,1.19,69.6,0.44,0.52,0.28,6.5,3.3,18.9,111.392,98.846,0.797464,-0.0152,WCC
Butler,57,83,109.7,109.3,0.53,0.57,0.26,0.71,0.5,0.55,0.06,0.04,67.4,0.412,0.371,74.2,0.46,0.52,0.37,0.74,13.9,1.26,74.1,0.44,0.51,0.31,4,2.7,13.5,116.342,105.4149,0.756576,-6.0123,BE
Milwaukee,210,135,109.7,103.6,0.51,0.55,0.4,0.73,0.56,0.5,0.11,0.06,69.3,0.315,0.38,76.7,0.46,0.53,0.32,0.68,13.7,1.01,72.5,0.45,0.52,0.34,7.4,3.3,17.7,106.7164,106.317,0.5107154,-6.9137,Horz
Stanford,62,81,109.7,105.1,0.51,0.55,0.31,0.72,0.51,0.54,0.1,0.07,66.9,0.418,0.299,73.5,0.44,0.5,0.34,0.79,13.8,1.32,70.7,0.45,0.51,0.33,6.8,3.7,17.2,112.577,102.494,0.745777,-2.975,ACC
Temple,184,164,109.7,109.5,0.5,0.55,0.32,0.69,0.51,0.41,0.09,0.06,69.2,0.313,0.452,77.7,0.44,0.48,0.36,0.73,10.5,0.94,77.6,0.45,0.51,0.33,6.2,3.6,18.1,110.61,110.4255,0.5044157,-9.6192,Amer
FGCU,266,173,109.6,106.5,0.54,0.56,0.3,0.74,0.53,0.51,0.08,0.04,65.7,0.382,0.232,72,0.47,0.54,0.36,0.69,13.8,1.3,69.9,0.43,0.48,0.35,5.4,2.4,15,106.5174,108.5215,0.4485182,-9.4187,ASun
IU Indianapolis,274,315,109.5,119.9,0.5,0.54,0.31,0.66,0.47,0.53,0.09,0.04,65.8,0.473,0.341,72.4,0.42,0.46,0.37,0.75,12.7,1.23,79.7,0.5,0.58,0.37,6,2,17.9,109.5115,123.3363,0.2035307,-17.6332,Horz
Manhattan,299,243,109.5,109.4,0.51,0.55,0.32,0.68,0.5,0.56,0.09,0.04,67.9,0.415,0.317,75.9,0.44,0.5,0.34,0.77,14.7,1.28,75.2,0.44,0.53,0.32,6.3,2.4,14.3,107.9138,115.9339,0.3046259,-10.0198,MAAC
Michigan,7,23,109.5,100.3,0.54,0.57,0.33,0.7,0.53,0.58,0.08,0.06,70.7,0.42,0.357,78,0.47,0.57,0.33,0.73,15.8,1.13,71.5,0.4,0.46,0.31,5.4,3.6,17.1,115.651,93.913,0.915924,6.59,B10
UNCG,235,138,109.5,103.4,0.51,0.54,0.31,0.7,0.51,0.47,0.09,0.05,64.3,0.424,0.298,70.4,0.43,0.48,0.36,0.74,11.6,1.17,67.3,0.41,0.49,0.31,5.8,2.8,16.4,105.32,106.2168,0.4744173,-7.7151,SC
Norfolk State,309,183,109.4,106.6,0.52,0.56,0.33,0.65,0.5,0.49,0.1,0.05,67.8,0.276,0.384,74.7,0.48,0.55,0.31,0.75,13.2,1.06,71.8,0.43,0.49,0.34,6.5,2.9,17.8,106.8163,109.6244,0.4242194,-5.4115,MEAC
Delaware,138,235,109.3,112.2,0.55,0.58,0.22,0.68,0.46,0.51,0.09,0.05,70.2,0.399,0.3,76.8,0.48,0.54,0.38,0.78,13.9,1.19,78.7,0.46,0.52,0.35,6.3,2.8,17,109.2118,114.8324,0.3595229,-15.1299,CAA
Texas State,226,198,109.3,108.7,0.51,0.55,0.35,0.69,0.52,0.53,0.1,0.07,66.6,0.28,0.36,74.7,0.46,0.49,0.36,0.76,13.9,1.12,74.5,0.43,0.47,0.36,6.9,4.1,18.5,108.5132,112.229,0.4059206,-11.5225,SB
East Tennessee State,260,148,109.2,102.6,0.5,0.53,0.35,0.7,0.52,0.51,0.12,0.06,65.5,0.418,0.332,71.6,0.43,0.49,0.35,0.67,12.7,1.21,67.4,0.43,0.5,0.34,7.6,3.4,16.7,104.9208,105.7159,0.4783172,-9.3183,SC
Robert Morris,249,139,109.2,102.3,0.51,0.55,0.35,0.72,0.53,0.6,0.09,0.08,69.2,0.368,0.376,76.9,0.45,0.51,0.35,0.72,16.1,1.26,71.6,0.45,0.51,0.34,6.4,4.4,16.8,106.717,104.613,0.5564139,-4.189,Horz
Texas A&M,9,18,109.2,100.6,0.48,0.52,0.41,0.72,0.56,0.47,0.11,0.07,67.8,0.377,0.413,74.6,0.42,0.49,0.31,0.69,11.9,0.98,68.7,0.41,0.47,0.33,7.6,4,17.5,116.244,93.712,0.922921,5.317,SEC
Tulane,167,145,109.2,104.6,0.52,0.56,0.27,0.68,0.48,0.57,0.11,0.07,67.6,0.394,0.351,74.1,0.45,0.53,0.34,0.75,14.6,1.36,71.2,0.41,0.48,0.32,7.4,4.4,17.3,108.7128,106.3171,0.5625137,-8.7171,Amer
Cal State Northridge,232,104,109.1,101.6,0.52,0.55,0.35,0.76,0.55,0.55,0.1,0.05,72.6,0.307,0.356,79.5,0.46,0.52,0.35,0.73,15.7,1.15,74.3,0.41,0.47,0.36,7.5,2.9,21,107.4152,105.5154,0.550914,-5.1109,BW
Saint Joseph's,81,76,109.1,99.5,0.52,0.55,0.3,0.72,0.52,0.56,0.09,0.09,68.3,0.465,0.317,75.1,0.44,0.53,0.34,0.75,14.5,1.29,68.6,0.41,0.45,0.33,6.5,5.6,14.4,109.7111,100.872,0.726182,-4.9107,A10
Bryant,205,141,109,101.9,0.51,0.54,0.34,0.71,0.52,0.49,0.09,0.09,72.9,0.348,0.299,79.8,0.45,0.51,0.33,0.72,14.2,1.19,74.9,0.42,0.47,0.32,6.6,6,16.2,105.9191,105.415,0.5130152,-7.1139,AE
Elon,246,184,108.9,107.6,0.5,0.55,0.36,0.68,0.54,0.49,0.08,0.07,65.4,0.416,0.387,71.5,0.44,0.51,0.33,0.76,11.6,0.93,70.9,0.41,0.47,0.33,5,4.2,13.8,106.4179,112.1287,0.3559234,-11.0217,CAA
Rutgers,41,77,108.9,109.5,0.51,0.54,0.31,0.68,0.49,0.48,0.1,0.06,69.4,0.363,0.362,77,0.45,0.51,0.33,0.72,12.9,1.18,77.6,0.46,0.53,0.35,7,3.9,17.1,116.245,103.9113,0.783068,-3.481,B10
Kansas,10,20,108.8,99.4,0.53,0.55,0.31,0.72,0.53,0.61,0.09,0.08,69.2,0.341,0.244,76.1,0.47,0.53,0.35,0.72,17.7,1.5,69.6,0.4,0.46,0.31,6.2,4.7,14.4,116.147,93.711,0.921622,4.025,B12
Longwood,245,210,108.8,108.6,0.51,0.56,0.32,0.7,0.51,0.5,0.11,0.04,70.4,0.339,0.454,76.6,0.46,0.52,0.33,0.72,12.9,1.02,76.1,0.49,0.6,0.34,7.5,2.1,18.7,105.0205,110.4257,0.3593231,-9.8194,BSth
Arkansas,32,40,108.7,100.7,0.52,0.56,0.28,0.7,0.5,0.52,0.11,0.09,70.2,0.366,0.356,76.8,0.46,0.54,0.33,0.74,14.2,1.23,71.4,0.42,0.48,0.31,7.5,5.6,16.2,113.763,95.417,0.883438,1.242,SEC
New Mexico,70,42,108.7,96.6,0.51,0.54,0.31,0.74,0.52,0.51,0.12,0.09,72.4,0.317,0.373,79.3,0.45,0.51,0.34,0.69,14.4,1.26,70.6,0.43,0.48,0.34,8.5,5,17.6,112.478,95.418,0.868141,2.633,MWC
UMass-Lowell,277,242,108.7,109,0.55,0.58,0.26,0.7,0.5,0.52,0.08,0.07,69.4,0.346,0.316,76.1,0.49,0.56,0.34,0.77,14.5,1.15,76.1,0.45,0.51,0.36,5.8,4.1,14,107.5151,115.8338,0.2970264,-11.6228,AE
Utah,92,73,108.6,104.4,0.52,0.54,0.34,0.72,0.53,0.66,0.09,0.06,69.3,0.439,0.368,75.5,0.45,0.54,0.33,0.64,17.4,1.4,72.6,0.42,0.48,0.34,6.4,3.6,18.6,112.874,100.873,0.784666,-3.176,B12
Idaho State,344,194,108.5,106.9,0.48,0.52,0.38,0.74,0.55,0.48,0.09,0.08,66.2,0.366,0.344,72.2,0.42,0.48,0.31,0.74,12,1.1,72.1,0.47,0.53,0.37,5.8,4.1,17.2,105.7194,109.9248,0.3900212,-10.6207,BSky
Queens,303,199,108.5,108.6,0.53,0.56,0.31,0.71,0.51,0.6,0.09,0.08,69.2,0.436,0.342,75.9,0.45,0.53,0.35,0.69,15.8,1.24,76.3,0.46,0.52,0.35,6,5.1,16.8,106.6171,110.6259,0.3969208,-8.8175,ASun
South Alabama,238,123,108.5,99.9,0.51,0.54,0.28,0.68,0.49,0.56,0.14,0.05,63.9,0.456,0.336,71,0.44,0.54,0.32,0.71,13.8,1.45,65.5,0.39,0.47,0.33,8.8,2.6,13.8,106.7167,103.611,0.5826131,-6.4129,SB
Davidson,147,153,108.4,107.9,0.52,0.56,0.24,0.73,0.49,0.57,0.08,0.04,66.5,0.421,0.292,72,0.45,0.53,0.34,0.75,14.6,1.51,71.5,0.45,0.52,0.35,5.4,2.3,14.8,109.2119,107.5191,0.5454144,-9.3184,A10
Incarnate Word,311,249,108.4,108.5,0.52,0.54,0.34,0.68,0.51,0.45,0.1,0.07,64.9,0.358,0.288,70.9,0.45,0.51,0.35,0.69,11.8,1.04,71.3,0.46,0.51,0.36,6.6,3.6,17,107.1157,111.5273,0.3869215,-11.7232,Slnd
Notre Dame,98,103,108.4,107.8,0.52,0.55,0.3,0.74,0.52,0.44,0.08,0.03,65.3,0.375,0.318,72.6,0.45,0.51,0.36,0.74,11.4,1.03,72.5,0.45,0.54,0.32,5.6,1.8,15.7,110.4102,104.0115,0.6642101,-7.2141,ACC
Northwestern,44,53,108.2,102.8,0.5,0.53,0.31,0.7,0.5,0.56,0.1,0.07,65.9,0.342,0.313,72.4,0.44,0.5,0.33,0.73,14.5,1.46,69.2,0.43,0.49,0.34,6.8,3.5,17.7,113.565,97.94,0.84545,-2.57,B10
Columbia,289,272,108.1,112.6,0.53,0.56,0.26,0.73,0.49,0.6,0.1,0.03,71.3,0.391,0.295,77.1,0.46,0.54,0.34,0.73,16.8,1.53,80.6,0.48,0.55,0.39,7.3,2.1,15.7,104.4215,116.5345,0.2205297,-11.3222,Ivy
DePaul,120,119,108.1,111.1,0.53,0.57,0.27,0.71,0.5,0.6,0.09,0.06,65.5,0.464,0.274,72.4,0.45,0.53,0.35,0.71,15.2,1.27,74.5,0.45,0.51,0.34,5.9,3.5,16,109.1122,104.0114,0.634211,-7.3146,BE
Indiana State,154,205,108.1,111.8,0.55,0.58,0.26,0.73,0.5,0.58,0.09,0.03,72.2,0.501,0.359,79,0.46,0.57,0.35,0.75,15.4,1.08,81.5,0.47,0.55,0.36,6.5,2,19.1,109.1121,112.1289,0.4229195,-12.2241,MVC
North Dakota,207,275,108,117.1,0.5,0.53,0.34,0.71,0.51,0.45,0.08,0.04,70.6,0.4,0.335,76.3,0.43,0.5,0.32,0.7,11.9,1.02,82.2,0.49,0.57,0.37,5.3,2.5,17.1,107.8143,114.532,0.3330247,-15.2301,Sum
William & Mary,182,218,108,110.3,0.54,0.57,0.26,0.7,0.48,0.62,0.1,0.03,70.8,0.515,0.356,76.5,0.45,0.56,0.35,0.73,15.9,1.24,78.5,0.46,0.54,0.35,6.9,1.7,18.1,106.7165,111.4271,0.3790222,-10.7211,CAA
California,112,125,107.9,110.1,0.48,0.53,0.35,0.71,0.52,0.41,0.09,0.06,68,0.378,0.389,75.6,0.42,0.48,0.32,0.75,10.5,0.9,76.8,0.47,0.51,0.38,6.3,3.7,16.5,110.0107,106.1166,0.6014125,-8.3165,ACC
Miami (FL),74,225,107.9,119.1,0.52,0.55,0.28,0.69,0.48,0.47,0.09,0.06,68.1,0.385,0.264,74,0.46,0.55,0.31,0.76,12.9,1.18,80.6,0.5,0.56,0.4,6.4,3.4,14.4,112.675,114.7323,0.4476183,-13.7271,ACC
East Carolina,191,176,107.8,108.1,0.49,0.53,0.34,0.69,0.51,0.5,0.11,0.08,67.3,0.353,0.353,74,0.43,0.49,0.31,0.73,13,1.22,73.9,0.45,0.49,0.38,7.6,4.4,15.5,106.6172,108.5216,0.4497181,-8.9176,Amer
Troy,161,99,107.8,99.1,0.5,0.54,0.38,0.68,0.53,0.56,0.14,0.08,66.8,0.45,0.37,72,0.43,0.54,0.3,0.72,13.6,1.03,66.3,0.41,0.47,0.33,9.2,4.4,16.4,106.4178,100.267,0.667099,-4.393,SB
Marshall,203,177,107.7,105,0.5,0.53,0.33,0.7,0.51,0.53,0.09,0.1,69.1,0.396,0.348,74.7,0.44,0.51,0.32,0.69,14,1.23,72.5,0.44,0.5,0.32,6.2,5.5,19.5,105.919,106.6179,0.4817168,-8.7173,SB
Nebraska,39,59,107.7,104,0.52,0.56,0.27,0.71,0.5,0.52,0.1,0.05,69.2,0.385,0.36,75.7,0.46,0.54,0.33,0.75,13.8,1.21,73,0.43,0.51,0.34,7.2,2.9,15.8,112.282,99.252,0.804963,-1.261,B10
Charleston,181,150,107.6,103.9,0.52,0.56,0.27,0.72,0.5,0.59,0.09,0.04,70.2,0.4,0.346,76.7,0.45,0.52,0.36,0.71,15.8,1.37,73.9,0.44,0.51,0.32,6.4,2.3,15.7,105.3198,105.3144,0.500916,-4.6102,CAA
Idaho,297,269,107.6,114.2,0.52,0.56,0.29,0.69,0.49,0.49,0.08,0.05,66.7,0.479,0.336,72.1,0.43,0.52,0.35,0.76,11.8,0.99,76.6,0.47,0.55,0.35,5.5,2.7,17.7,107.814,115.4333,0.3135252,-14.2279,BSky
Northern Arizona,349,248,107.6,109.6,0.5,0.53,0.32,0.76,0.52,0.52,0.08,0.02,67.3,0.378,0.285,72.5,0.44,0.5,0.34,0.66,13.7,1.35,73.3,0.47,0.53,0.37,5.6,1.2,16.2,104.2217,111.5274,0.3144251,-11.6227,BSky
Saint Louis,51,101,107.6,105,0.56,0.58,0.23,0.72,0.5,0.56,0.09,0.05,67.8,0.501,0.3,73.6,0.48,0.6,0.35,0.69,14.8,1.16,72.6,0.43,0.48,0.34,6,2.8,14.7,109.1123,104.9137,0.609512,-6.6135,A10
UC Riverside,114,142,107.6,110.2,0.5,0.53,0.32,0.71,0.51,0.48,0.08,0.04,68.2,0.422,0.28,74.5,0.42,0.49,0.34,0.77,12.5,1.12,76.4,0.45,0.52,0.35,5.3,2.2,18.4,109.5114,110.3253,0.480117,-4.9105,BW
Indiana,20,54,107.5,104.1,0.51,0.54,0.32,0.72,0.52,0.58,0.08,0.06,69.2,0.332,0.331,74.7,0.46,0.53,0.32,0.71,15.9,1.37,72,0.43,0.5,0.33,5.8,3.3,16.6,112.972,97.739,0.841253,0.648,B10
Rhode Island,144,152,107.5,104.6,0.53,0.56,0.28,0.71,0.51,0.51,0.08,0.05,70.9,0.377,0.411,77.1,0.46,0.53,0.35,0.69,13.7,1.07,75.2,0.43,0.51,0.32,5.8,3.3,16.3,107.7145,108.0209,0.4919164,-8.0156,A10
Towson,145,151,107.5,104.2,0.48,0.51,0.35,0.72,0.52,0.41,0.1,0.06,63.8,0.372,0.284,69.4,0.42,0.47,0.33,0.68,10.4,1.11,67.7,0.44,0.51,0.34,6.2,3.3,16.1,106.2187,106.9184,0.4805169,-5.9122,CAA
Cal Poly,151,180,107.4,109.9,0.55,0.58,0.28,0.67,0.47,0.53,0.1,0.03,74.9,0.511,0.268,81.6,0.46,0.56,0.36,0.77,15.1,0.96,83.4,0.46,0.54,0.34,7.9,2.1,18.3,108.8125,111.1266,0.4421187,-11.9235,BW
Jacksonville State,94,122,107.4,105.1,0.5,0.54,0.31,0.74,0.53,0.44,0.07,0.06,65.6,0.369,0.318,70.9,0.44,0.49,0.34,0.74,10.9,1.04,69.3,0.42,0.47,0.35,4.8,3.3,14.5,108.613,104.8133,0.6026123,-5.6117,CUSA
Texas A&M-Corpus Christi,253,165,107.2,103.9,0.53,0.55,0.32,0.7,0.51,0.51,0.11,0.06,67.6,0.292,0.367,72.5,0.48,0.53,0.35,0.62,13.8,1.16,70.1,0.44,0.48,0.35,7.1,3.5,18.3,106.418,104.8136,0.5433145,-8.3163,Slnd
UMBC,306,296,107.2,111.9,0.55,0.58,0.19,0.66,0.44,0.51,0.1,0.04,70.8,0.384,0.316,77.3,0.48,0.54,0.38,0.7,14.1,1.23,80.6,0.48,0.54,0.36,7.1,2.4,15.3,105.1204,119.1357,0.1907316,-15.7308,AE
Grand Canyon,244,92,107,96.2,0.51,0.55,0.32,0.71,0.52,0.52,0.12,0.09,72.3,0.338,0.437,77.6,0.46,0.53,0.31,0.73,13.6,1.01,70,0.42,0.47,0.32,9,5.1,17.7,107.8142,100.165,0.70009,-2.772,WAC
Loyola-Chicago,110,107,107,101.6,0.53,0.55,0.3,0.73,0.51,0.6,0.09,0.08,67.2,0.426,0.315,72.7,0.45,0.54,0.34,0.67,15.6,1.33,69.1,0.42,0.47,0.34,6.1,4.7,17.9,108.8126,101.283,0.696091,-4.9104,A10
Eastern Michigan,256,268,106.9,111.8,0.52,0.56,0.3,0.68,0.49,0.47,0.1,0.06,68,0.382,0.33,73.3,0.46,0.52,0.35,0.74,12.1,0.94,77.1,0.46,0.52,0.38,6.9,3.3,18.2,104.8212,113.1306,0.2923266,-12.1239,MAC
Louisiana Tech,122,126,106.9,103.5,0.53,0.56,0.29,0.71,0.52,0.57,0.09,0.07,65.8,0.414,0.35,71.5,0.46,0.54,0.34,0.75,14.2,1.12,69.3,0.42,0.49,0.31,5.8,4,16.3,107.7147,105.2143,0.5676136,-6.6132,CUSA
Providence,63,100,106.9,108.1,0.52,0.55,0.33,0.71,0.53,0.51,0.07,0.06,66.5,0.455,0.296,71.3,0.44,0.51,0.36,0.69,12.9,1.01,72.5,0.43,0.49,0.34,5,3.4,17.3,111.194,104.9138,0.6582104,-8.4168,BE
Ball State,328,276,106.8,109.7,0.51,0.55,0.26,0.72,0.5,0.51,0.07,0.04,68.5,0.371,0.445,73.8,0.45,0.51,0.35,0.7,12.7,1.13,75.2,0.45,0.55,0.32,4.6,2.2,16.5,103.5227,112.2293,0.2815272,-13.8272,MAC
Albany,326,263,106.7,108,0.49,0.53,0.32,0.72,0.5,0.46,0.12,0.04,68.2,0.358,0.294,73.6,0.44,0.5,0.32,0.72,12.2,1.13,74.8,0.49,0.56,0.36,8.1,2.4,16.8,103.4228,112.7301,0.2713276,-12.9254,AE
Drexel,251,185,106.7,103.9,0.52,0.54,0.33,0.7,0.52,0.48,0.08,0.08,64,0.371,0.242,69.6,0.46,0.52,0.35,0.7,12.7,1.05,67.6,0.42,0.48,0.32,4.9,4.5,14.8,104.0221,105.716,0.452718,-11.723,CAA
Sacred Heart,258,254,106.7,107.1,0.51,0.54,0.31,0.7,0.5,0.62,0.1,0.05,70.1,0.447,0.264,75.1,0.43,0.5,0.35,0.74,16.5,1.32,75.7,0.44,0.51,0.35,7.3,2.9,15.9,105.2201,111.6278,0.3349245,-14.7291,MAAC
Colgate,236,247,106.6,107.8,0.54,0.56,0.24,0.73,0.49,0.52,0.1,0.04,66.4,0.422,0.226,71.4,0.47,0.55,0.36,0.73,13.9,1.24,72.7,0.46,0.52,0.37,6.4,2.4,14.8,104.0222,113.2309,0.2736274,-14.9296,Pat
Middle Tennessee,75,105,106.6,104.1,0.51,0.54,0.31,0.71,0.51,0.46,0.09,0.07,68.7,0.397,0.324,75.2,0.45,0.53,0.32,0.68,12.3,1.05,73.8,0.43,0.5,0.32,6.3,4.3,17.2,108.7127,104.3125,0.6165118,-4.394,CUSA
Utah Valley,264,108,106.6,99.3,0.51,0.54,0.31,0.73,0.53,0.57,0.09,0.09,69,0.312,0.42,74.2,0.46,0.52,0.33,0.69,14.8,1.23,68.9,0.42,0.46,0.34,6.4,5.3,16.7,106.916,102.293,0.6255115,-3.38,WAC
Georgia State,201,265,106.5,112.5,0.5,0.53,0.32,0.68,0.51,0.44,0.07,0.05,69.4,0.333,0.338,74.2,0.45,0.5,0.34,0.69,11.7,1,78.7,0.44,0.52,0.33,5,3,16.1,107.4153,113.9315,0.3377244,-13.2261,SB
Presbyterian College,248,240,106.5,109.8,0.51,0.54,0.29,0.69,0.49,0.46,0.1,0.06,65.4,0.339,0.312,70.5,0.45,0.5,0.36,0.69,11.9,1.12,72.9,0.47,0.54,0.34,6.3,3,18.3,103.2232,110.6258,0.3127253,-13.9276,BSth
South Carolina State,354,196,106.5,100.3,0.51,0.55,0.36,0.67,0.51,0.57,0.13,0.07,70.7,0.33,0.429,76,0.45,0.5,0.35,0.7,14.8,1.05,71.5,0.45,0.52,0.31,9,3.6,21.5,102.6243,104.5128,0.4470184,-9.2182,MEAC
UIC,113,154,106.5,107.1,0.51,0.55,0.3,0.72,0.51,0.56,0.09,0.05,68.4,0.394,0.351,74.1,0.44,0.51,0.34,0.72,14.4,1.18,75.3,0.46,0.52,0.34,6.3,3.2,17.8,105.6197,107.82,0.4414189,-8.1159,MVC
Kent State,101,128,106.3,101,0.49,0.53,0.35,0.72,0.53,0.46,0.11,0.06,67.9,0.37,0.302,72.5,0.43,0.5,0.31,0.75,11.8,1.01,68.4,0.42,0.5,0.31,7.4,3.1,18.3,106.5175,101.789,0.6300112,-5.8119,MAC
Oakland,143,193,106.2,109.6,0.5,0.53,0.34,0.68,0.51,0.51,0.1,0.05,64.9,0.423,0.317,70.5,0.44,0.53,0.31,0.7,12.8,1.08,72.2,0.44,0.5,0.36,6.5,3,16.2,106.7166,108.7225,0.4460185,-10.9214,Horz
George Mason,76,68,106.1,96,0.52,0.56,0.32,0.71,0.53,0.53,0.11,0.06,65,0.364,0.427,70.4,0.45,0.51,0.35,0.71,12.5,0.95,64,0.39,0.45,0.31,7.5,3.3,16.7,106.3184,96.223,0.760273,-0.4956,A10
Princeton,130,166,106.1,106.4,0.52,0.54,0.26,0.76,0.49,0.54,0.1,0.04,67.9,0.487,0.246,72.1,0.43,0.5,0.35,0.71,13.9,1.34,72.4,0.46,0.54,0.35,6.8,2,15.6,103.5226,107.419,0.3959209,-6.3128,Ivy
Sam Houston State,103,178,106.1,111.3,0.51,0.55,0.3,0.68,0.49,0.49,0.09,0.05,67.8,0.386,0.364,72.9,0.44,0.47,0.38,0.73,12.2,0.97,77.1,0.46,0.52,0.36,5.9,2.8,17.9,110.799,110.4256,0.5063156,-11.8233,CUSA
Montana State,270,186,106,105.7,0.53,0.56,0.21,0.71,0.46,0.52,0.09,0.06,66.4,0.43,0.319,70.7,0.45,0.54,0.34,0.73,13,1.28,70.7,0.44,0.51,0.3,6.1,3.5,16.3,104.821,107.0186,0.4418188,-12.124,BSky
Syracuse,65,133,106,110.8,0.51,0.54,0.31,0.74,0.53,0.5,0.07,0.04,68.9,0.327,0.331,74.7,0.46,0.52,0.33,0.71,13.6,1.08,77.8,0.46,0.54,0.35,4.9,2.5,16.4,111.095,105.5152,0.6419109,-8.0157,ACC
Florida State,95,90,105.9,102.4,0.51,0.55,0.3,0.68,0.49,0.5,0.11,0.08,70,0.337,0.394,74.5,0.45,0.52,0.32,0.72,13,1.06,72.5,0.42,0.49,0.32,7.6,4.8,19.1,107.7144,100.875,0.681696,-5.4116,ACC
UTSA,117,201,105.9,110.2,0.5,0.54,0.27,0.64,0.45,0.48,0.13,0.06,69.6,0.441,0.29,74.4,0.42,0.46,0.36,0.79,12.2,1.12,77.5,0.47,0.53,0.36,8.8,3.4,18.8,107.2156,108.9232,0.4543179,-12.7248,Amer
North Carolina Central,329,319,105.8,112.3,0.5,0.54,0.35,0.61,0.47,0.55,0.1,0.04,68.7,0.34,0.398,74,0.44,0.5,0.34,0.7,14,1.04,78.8,0.49,0.58,0.33,7.3,2.2,20.3,102.5247,116.9347,0.1798324,-15.4304,MEAC
Rice,257,204,105.8,106.1,0.49,0.53,0.34,0.7,0.52,0.51,0.07,0.05,65.9,0.388,0.433,70.4,0.42,0.48,0.33,0.68,11.9,1.01,70.3,0.42,0.48,0.32,4.7,3.1,17.9,106.5176,107.8201,0.4646175,-14.1277,Amer
Cleveland State,218,174,105.7,103.2,0.5,0.53,0.35,0.66,0.5,0.51,0.12,0.08,66.3,0.323,0.308,70.3,0.44,0.5,0.33,0.73,13,1.09,68,0.44,0.5,0.35,8,4.3,17.9,104.2218,104.1117,0.5039158,-7.615,Horz
George Washington,173,124,105.7,101.4,0.51,0.54,0.32,0.68,0.5,0.56,0.13,0.05,67.7,0.423,0.41,72.3,0.44,0.53,0.31,0.7,13.6,1.07,68.6,0.43,0.49,0.32,8.8,3.1,15.1,107.2155,103.1106,0.6099119,-6.7136,A10
Central Michigan,224,219,105.6,107.3,0.5,0.54,0.32,0.71,0.52,0.49,0.1,0.05,68.2,0.333,0.358,72.7,0.45,0.51,0.31,0.73,12.6,1.03,74.4,0.45,0.53,0.36,7.1,2.6,16.7,105.0207,109.524,0.381622,-11.5223,MAC
UTA,284,231,105.6,108.8,0.52,0.54,0.33,0.68,0.5,0.53,0.08,0.05,68.2,0.422,0.37,73,0.44,0.51,0.35,0.65,13.5,1.01,75.7,0.44,0.49,0.36,5.7,3.1,18.1,106.4183,112.8304,0.3379243,-13.0256,WAC
Georgetown,126,88,105.5,100.9,0.5,0.53,0.32,0.71,0.51,0.53,0.12,0.07,68.3,0.378,0.255,72.1,0.44,0.52,0.32,0.71,14.3,1.23,69.2,0.43,0.49,0.34,7.9,3.7,15.7,107.8141,100.469,0.692993,-4.6101,BE
Howard,325,316,105.5,113.5,0.54,0.57,0.29,0.67,0.48,0.57,0.08,0.05,71,0.384,0.357,75.6,0.47,0.53,0.37,0.76,14.9,0.99,80.7,0.47,0.53,0.34,5.6,2.8,19.2,103.0238,115.6335,0.2109304,-15.7307,MEAC
Wichita State,128,134,105.5,104.8,0.49,0.53,0.32,0.71,0.52,0.44,0.1,0.07,69.3,0.284,0.349,73.6,0.44,0.5,0.3,0.73,11.8,1.04,73.1,0.44,0.5,0.34,6.6,4.4,15.4,106.6173,104.1119,0.5677135,-7.3145,Amer
Valparaiso,150,206,105.4,109.2,0.48,0.53,0.27,0.72,0.48,0.45,0.09,0.06,68,0.384,0.336,72.5,0.42,0.47,0.32,0.79,11.2,1.16,75.3,0.47,0.54,0.35,5.9,3.5,16.8,105.9192,109.6242,0.4027207,-12.7249,MVC
Cal State Bakersfield,195,244,105.3,111.2,0.48,0.53,0.36,0.71,0.52,0.38,0.1,0.05,67.4,0.285,0.345,71.5,0.43,0.45,0.37,0.77,9.5,0.74,75.2,0.47,0.55,0.36,6.6,2.7,20.6,105.1203,113.2307,0.2989262,-14.1278,BW
Central Connecticut,353,168,105.3,95,0.52,0.55,0.27,0.75,0.52,0.5,0.11,0.07,66,0.348,0.259,69.8,0.47,0.54,0.33,0.75,13.2,1.16,63.1,0.41,0.49,0.31,7.4,4.1,11.3,99.2305,101.79,0.4285192,-4.7103,NEC
Murray State,106,146,105.3,105.1,0.49,0.54,0.29,0.74,0.51,0.49,0.1,0.05,65.5,0.401,0.412,70.6,0.43,0.49,0.34,0.72,11.4,1.01,70.2,0.46,0.53,0.32,6.3,2.9,17.5,105.3199,104.7132,0.516815,-10.4205,MVC
North Carolina State,119,132,105.2,106.7,0.48,0.52,0.29,0.68,0.47,0.51,0.1,0.07,65.9,0.361,0.322,69.6,0.43,0.48,0.32,0.73,12.5,1.32,70.4,0.45,0.51,0.34,6.5,3.8,16.6,107.7148,103.1105,0.6235116,-9.1181,ACC
Virginia,45,110,105.2,108.3,0.53,0.56,0.22,0.7,0.47,0.64,0.09,0.07,61.6,0.428,0.264,64.8,0.45,0.5,0.38,0.75,14.7,1.46,66.8,0.44,0.51,0.34,5.5,3.8,15.3,111.391,104.6131,0.671397,-5.912,ACC
American,271,226,105.1,105.6,0.52,0.55,0.24,0.73,0.48,0.52,0.1,0.04,63.5,0.453,0.29,67.8,0.44,0.51,0.35,0.76,12.4,1.14,68.5,0.46,0.54,0.34,6.2,1.8,17.8,101.7263,108.6221,0.3189249,-8.3164,Pat
Bucknell,276,213,105.1,103.7,0.54,0.56,0.26,0.72,0.5,0.52,0.09,0.06,67.4,0.41,0.367,74,0.47,0.54,0.35,0.66,13.6,1.03,73.2,0.43,0.49,0.35,6.6,3.2,17.8,103.4229,107.7198,0.3840218,-10.4204,Pat
Gardner-Webb,198,266,105.1,111.4,0.52,0.55,0.33,0.7,0.52,0.39,0.07,0.05,70.2,0.331,0.362,73.8,0.46,0.53,0.33,0.69,10.5,0.72,78.1,0.46,0.54,0.32,5.2,3.3,18.8,102.3248,111.0264,0.283027,-15.0297,BSth
Hampton,163,212,105.1,106.9,0.48,0.51,0.34,0.71,0.51,0.42,0.11,0.06,65.9,0.367,0.303,69.6,0.42,0.47,0.32,0.71,10.5,0.99,70.8,0.47,0.53,0.34,7,2.9,18.8,103.6224,107.0188,0.4087203,-11.6226,CAA
Southern Illinois,83,195,105.1,110,0.52,0.54,0.3,0.72,0.51,0.52,0.09,0.05,68.2,0.336,0.342,72.2,0.46,0.51,0.35,0.68,13.6,1.09,75.5,0.45,0.52,0.36,6,3,17,106.5177,107.7197,0.4666174,-12.6247,MVC
Morgan State,359,332,104.9,113.6,0.49,0.53,0.34,0.63,0.49,0.44,0.08,0.07,71.6,0.217,0.358,76.2,0.46,0.5,0.32,0.73,12.3,0.94,82.8,0.46,0.51,0.37,6.1,4.6,18.8,100.5287,117.1348,0.1466337,-14.5286,MEAC
Navy,319,270,104.9,106.3,0.48,0.52,0.31,0.73,0.51,0.53,0.1,0.05,66.6,0.371,0.339,70.1,0.42,0.47,0.33,0.73,12.8,1.19,71.2,0.45,0.53,0.35,6.4,2.6,16.5,101.2269,111.828,0.2414286,-16.3314,Pat
South Florida,136,189,104.9,106.4,0.5,0.53,0.28,0.67,0.47,0.54,0.11,0.06,69.4,0.376,0.349,73.4,0.44,0.51,0.32,0.72,13.9,1.22,75.4,0.44,0.5,0.33,8,3.5,17.5,102.5246,105.7158,0.41312,-12.5244,Amer
Southeastern Louisiana,327,208,104.9,104.4,0.49,0.53,0.31,0.71,0.51,0.46,0.1,0.04,67.3,0.316,0.347,71.2,0.44,0.5,0.32,0.75,11.7,0.99,70.6,0.44,0.52,0.34,6.8,2.3,17.3,104.5214,107.9204,0.4113202,-9.4188,Slnd
Charlotte,186,267,104.8,113,0.48,0.54,0.25,0.71,0.47,0.52,0.08,0.04,65.7,0.409,0.427,70.2,0.42,0.5,0.31,0.75,11.9,1.18,75,0.49,0.57,0.33,5.1,2.3,17.3,104.6213,112.5297,0.301526,-16.4317,Amer
Delaware State,363,305,104.7,109.2,0.49,0.53,0.34,0.68,0.5,0.45,0.11,0.04,71.3,0.207,0.363,75.4,0.45,0.48,0.36,0.72,12.3,0.94,78.6,0.47,0.56,0.34,8.2,2.2,18.7,101.1271,114.7322,0.1907314,-11.0215,MEAC
Nicholls,200,171,104.7,104.3,0.48,0.51,0.31,0.69,0.49,0.43,0.11,0.06,68.3,0.368,0.331,72,0.42,0.46,0.35,0.69,10.8,1.03,71.7,0.42,0.5,0.3,7.3,3.7,17.9,105.8193,105.9164,0.4989161,-7.3144,Slnd
UNLV,88,98,104.7,103.3,0.5,0.54,0.27,0.7,0.49,0.5,0.1,0.07,66.1,0.346,0.358,69.2,0.44,0.5,0.33,0.72,12.1,1.13,68.1,0.42,0.51,0.32,6.5,3.6,16,106.8161,99.456,0.694292,-5.2111,MWC
Youngstown State,288,190,104.6,100.9,0.5,0.54,0.29,0.69,0.49,0.51,0.1,0.09,69.9,0.462,0.364,73.7,0.43,0.52,0.31,0.74,12.8,1.03,72.6,0.43,0.48,0.33,6.9,5.2,18.8,102.5244,106.0165,0.4068205,-9.0179,Horz
Arizona State,21,74,104.5,108.2,0.52,0.55,0.25,0.7,0.48,0.51,0.07,0.07,70.1,0.426,0.362,74.1,0.44,0.5,0.36,0.73,12.8,1.03,76.8,0.44,0.52,0.33,5.3,4.4,17.3,113.267,101.282,0.784267,-3.378,B12
Minnesota,35,96,104.5,107.4,0.5,0.53,0.3,0.69,0.49,0.61,0.09,0.08,63.9,0.36,0.315,68.1,0.44,0.51,0.32,0.66,15.2,1.41,69.7,0.44,0.49,0.35,6,4.7,17.5,110.0106,101.487,0.717886,-4.29,B10
Saint Bonaventure,124,97,104.5,100.1,0.5,0.53,0.27,0.73,0.5,0.43,0.11,0.06,65.2,0.352,0.306,68.4,0.44,0.52,0.31,0.73,10.7,1.03,65.6,0.42,0.51,0.33,7.4,3.2,13.5,105.7196,99.355,0.670198,-4.395,A10
Brown,202,215,104.4,105.7,0.51,0.53,0.3,0.69,0.5,0.54,0.08,0.09,67.2,0.405,0.28,71.2,0.45,0.52,0.33,0.63,14.2,1.22,72.2,0.43,0.49,0.33,5.7,5.3,15.8,102.5245,105.5153,0.4172198,-8.7172,Ivy
Siena,187,259,104.4,105.8,0.49,0.54,0.29,0.7,0.49,0.48,0.1,0.09,68.1,0.399,0.373,72.2,0.43,0.5,0.33,0.74,11.8,1,72.1,0.46,0.52,0.34,6.8,5,16.3,102.1254,110.726,0.2843267,-14.6289,MAAC
UTRGV,268,251,104.4,109,0.52,0.54,0.31,0.66,0.48,0.57,0.11,0.04,71,0.49,0.227,74.1,0.44,0.55,0.32,0.71,15.5,1.14,76.8,0.46,0.52,0.33,7.4,2.7,16.8,105.1202,109.7246,0.3800221,-10.0197,Slnd
Bellarmine,320,351,104.3,120.5,0.54,0.57,0.2,0.7,0.45,0.52,0.09,0.03,67.4,0.432,0.265,70.9,0.46,0.54,0.36,0.77,13.4,1.13,81.3,0.49,0.58,0.39,6.3,1.7,17.7,103.4231,121.1359,0.139934,-21.4359,ASun
LSU,56,89,104.3,105.3,0.51,0.54,0.3,0.66,0.49,0.49,0.1,0.08,70,0.435,0.325,73.8,0.45,0.55,0.31,0.71,12.8,0.97,73.6,0.43,0.48,0.32,7.1,4.7,16.8,108.7129,99.76,0.72978,-4.086,SEC
Portland State,351,200,104.3,102.9,0.51,0.53,0.33,0.7,0.51,0.49,0.11,0.08,68.5,0.317,0.343,71.8,0.45,0.52,0.32,0.64,12.9,1.02,70.9,0.44,0.52,0.32,7.3,4.7,17.9,100.828,103.0103,0.436519,-9.4186,BSky
San Diego State,55,52,104.3,97.9,0.51,0.53,0.29,0.69,0.5,0.51,0.11,0.1,66.4,0.396,0.323,69.8,0.44,0.52,0.33,0.67,12.7,1.13,65.2,0.39,0.45,0.31,7.5,5.3,18.6,109.0124,95.82,0.815858,0.945,MWC
California Baptist,222,172,104.2,102.8,0.48,0.52,0.33,0.7,0.51,0.46,0.1,0.05,67.6,0.35,0.297,71.2,0.43,0.49,0.32,0.76,11.7,0.97,70,0.45,0.5,0.33,6.6,2.7,17.3,104.9209,105.1141,0.4936162,-9.8195,WAC
Colorado,47,86,104.2,108,0.51,0.56,0.29,0.72,0.51,0.58,0.1,0.07,66.4,0.372,0.363,69.7,0.45,0.52,0.32,0.75,13.6,0.97,71.9,0.43,0.49,0.34,6.9,3.8,16.3,108.4135,99.557,0.728181,-4.51,B12
Georgia Southern,267,255,104.2,107.2,0.51,0.53,0.33,0.67,0.49,0.5,0.11,0.06,70,0.442,0.265,74.1,0.43,0.5,0.35,0.65,13.5,1,76.1,0.44,0.51,0.32,7.8,3.7,19.7,103.2235,109.5241,0.3341246,-11.3221,SB
Georgia Tech,121,109,104.2,104.1,0.5,0.53,0.3,0.71,0.51,0.56,0.09,0.06,69.2,0.368,0.307,73.1,0.44,0.5,0.34,0.69,14.8,1.21,72.7,0.42,0.47,0.35,5.9,3.7,15.8,106.9159,100.976,0.6602102,-5.4114,ACC
Tennessee State,295,250,104.2,103.4,0.51,0.55,0.34,0.7,0.53,0.47,0.1,0.06,71.2,0.336,0.414,76.1,0.46,0.53,0.33,0.68,12.6,0.82,75.4,0.43,0.48,0.33,7.1,3.7,19.5,103.0239,108.5217,0.3556235,-13.0255,OVC
Northeastern,220,207,104.1,104,0.51,0.54,0.31,0.69,0.5,0.5,0.11,0.08,67.3,0.348,0.28,70.1,0.45,0.51,0.34,0.69,13,1.04,69.7,0.44,0.49,0.35,7.6,4.7,16.2,104.1219,106.818,0.4271193,-11.1219,CAA
Southeast Missouri,255,188,104.1,99.3,0.51,0.54,0.24,0.71,0.48,0.48,0.11,0.06,68.8,0.36,0.289,72.3,0.45,0.51,0.35,0.72,12.7,1.19,69.3,0.43,0.49,0.3,7.7,3.5,18.8,101.7264,104.5127,0.4217196,-8.7174,OVC
Jacksonville,247,181,104,104.4,0.5,0.53,0.36,0.7,0.52,0.51,0.11,0.08,68.4,0.339,0.286,71.4,0.44,0.48,0.37,0.67,13.3,0.99,71.9,0.44,0.5,0.35,7.7,4.5,17.6,100.9275,105.1142,0.3837219,-7.8152,ASun
Pepperdine,175,227,104,111.2,0.5,0.53,0.28,0.7,0.49,0.6,0.09,0.05,69,0.347,0.316,71.8,0.44,0.49,0.34,0.72,15.3,1.38,77.2,0.46,0.53,0.34,6,2.7,15.8,106.7168,109.9249,0.4140199,-12.5245,WCC
San Jose State,135,175,104,108.6,0.5,0.54,0.27,0.68,0.48,0.51,0.09,0.05,66.7,0.408,0.319,70.2,0.43,0.49,0.35,0.74,12.3,1.06,73.7,0.46,0.54,0.32,6,2.9,16.1,106.7169,106.6177,0.5025159,-10.4206,MWC
Campbell,300,222,103.9,104.1,0.5,0.54,0.25,0.72,0.48,0.54,0.1,0.05,66,0.418,0.297,68.9,0.43,0.52,0.32,0.76,13.1,1.25,69.3,0.47,0.56,0.31,6.5,3,16,101.227,106.4173,0.3588232,-12.7251,CAA
Duquesne,68,149,103.9,103.1,0.5,0.52,0.33,0.69,0.5,0.54,0.1,0.08,65.3,0.434,0.3,68.4,0.43,0.49,0.34,0.65,13.3,1.1,68.1,0.44,0.48,0.36,6.8,4.3,17.9,106.4181,103.1107,0.589813,-13.1259,A10
Northern Kentucky,192,229,103.8,106.3,0.5,0.53,0.31,0.68,0.48,0.54,0.11,0.06,66.9,0.403,0.313,70.6,0.43,0.5,0.33,0.67,13.7,1.17,72.2,0.45,0.51,0.37,7.4,3.2,15.8,103.1236,109.0235,0.3454239,-11.1218,Horz
Maine,323,203,103.7,100.4,0.52,0.55,0.22,0.68,0.45,0.55,0.13,0.06,66.3,0.33,0.282,69,0.46,0.51,0.36,0.73,14.1,1.37,67.1,0.44,0.51,0.33,8.9,3.5,15.3,99.1308,104.4126,0.3540236,-10.3203,AE
Wake Forest,89,69,103.7,99.9,0.49,0.54,0.27,0.69,0.48,0.46,0.11,0.07,67.7,0.352,0.361,70.2,0.44,0.53,0.29,0.76,11.3,1,68,0.4,0.48,0.31,7.2,3.9,16.5,107.7149,97.334,0.762071,0.485,ACC
Western Michigan,223,279,103.7,110.8,0.47,0.5,0.34,0.72,0.52,0.45,0.1,0.04,69.1,0.329,0.31,71.6,0.42,0.49,0.28,0.67,12,1.09,77,0.47,0.55,0.36,6.8,2.3,17.9,102.3249,111.5276,0.2693277,-14.8292,MAC
Quinnipiac,189,191,103.6,100.5,0.48,0.53,0.33,0.74,0.54,0.52,0.11,0.08,71.1,0.38,0.311,74,0.43,0.51,0.3,0.77,13.7,1.07,72.2,0.43,0.47,0.36,8.2,4.7,16.5,102.0257,106.1167,0.3874214,-9.3185,MAAC
Army,290,307,103.5,110.5,0.5,0.52,0.26,0.71,0.48,0.51,0.09,0.04,67.7,0.417,0.261,71.7,0.43,0.5,0.33,0.68,13.4,1.34,76.5,0.46,0.55,0.35,6.3,2.1,15.9,100.2292,113.4311,0.1950312,-12.0237,Pat
Kansas State,59,75,103.5,102.6,0.51,0.53,0.29,0.68,0.49,0.59,0.11,0.06,68.1,0.402,0.276,70.8,0.44,0.52,0.33,0.69,15.3,1.27,69.6,0.43,0.5,0.32,7.4,3.4,15.6,109.4116,96.022,0.816657,-2.671,B12
Kennesaw State,87,137,103.5,104.1,0.49,0.54,0.33,0.73,0.53,0.51,0.09,0.07,70.6,0.455,0.388,73.7,0.42,0.52,0.31,0.73,12.4,0.89,74,0.42,0.48,0.33,6.3,4.3,19.4,107.3154,103.8112,0.5932129,-7.4148,CUSA
Washington,53,117,103.4,109.8,0.51,0.54,0.28,0.72,0.49,0.51,0.09,0.07,68.5,0.357,0.345,71.4,0.45,0.5,0.34,0.69,12.9,1.07,75.9,0.47,0.53,0.35,6.2,3.7,18.4,109.6113,104.5129,0.6323111,-5.3112,B10
Monmouth,196,258,103.3,110.8,0.47,0.52,0.3,0.65,0.47,0.5,0.09,0.08,67.3,0.346,0.368,70.3,0.41,0.44,0.35,0.74,11.8,1.07,75.4,0.44,0.51,0.34,5.9,4.5,18,104.122,112.0284,0.3010261,-14.5284,CAA
Oral Roberts,250,334,103.3,120.4,0.5,0.54,0.23,0.67,0.44,0.4,0.07,0.04,68.5,0.457,0.35,71.1,0.42,0.49,0.34,0.76,9.4,0.84,82,0.48,0.57,0.35,4.7,2.5,18.6,103.7223,115.8337,0.2195298,-17.3328,Sum
Virginia Tech,105,167,103.3,109.6,0.51,0.54,0.31,0.71,0.51,0.52,0.08,0.03,66.2,0.404,0.308,69.2,0.44,0.5,0.35,0.71,12.6,0.94,73.2,0.46,0.55,0.33,5.4,1.9,17,106.1188,105.114,0.5276148,-9.419,ACC
Alabama State,345,274,103.2,105.1,0.47,0.5,0.28,0.69,0.47,0.45,0.11,0.05,69.4,0.427,0.291,71.9,0.4,0.46,0.33,0.69,11.3,1.24,72.7,0.44,0.51,0.34,7.7,2.8,18.4,100.8279,109.2237,0.2836268,-10.2202,SWAC
Fordham,104,239,103.2,110.7,0.49,0.52,0.32,0.69,0.5,0.52,0.11,0.06,70.4,0.415,0.329,73.5,0.42,0.49,0.32,0.72,13.3,1.01,78.5,0.47,0.53,0.36,7.5,3.3,18.9,106.3186,111.3268,0.3701224,-14.228,A10
Holy Cross,291,310,103.2,111.1,0.53,0.55,0.23,0.73,0.49,0.48,0.07,0.05,65.9,0.423,0.222,68.6,0.45,0.5,0.39,0.72,12.2,1.03,73.7,0.47,0.55,0.35,4.3,2.9,14.2,100.9274,116.0342,0.1674331,-15.6306,Pat
South Carolina,19,87,103.2,106.7,0.49,0.53,0.3,0.73,0.52,0.55,0.08,0.05,67.1,0.39,0.433,69.8,0.43,0.5,0.32,0.72,12.6,1.02,71.4,0.45,0.51,0.35,5.6,2.9,16.1,110.1105,99.658,0.758774,-5.7118,SEC
UMKC,252,241,103.2,107,0.48,0.53,0.33,0.71,0.51,0.48,0.09,0.06,65.7,0.44,0.309,67.7,0.41,0.48,0.33,0.77,11.1,0.91,70.3,0.45,0.54,0.32,6.2,3.2,17.3,100.6283,105.7161,0.359323,-14.8294,Sum
Hawaii,178,223,103.1,106.3,0.51,0.55,0.31,0.75,0.54,0.49,0.05,0.04,66.7,0.374,0.399,69.3,0.45,0.53,0.31,0.74,11.7,0.84,71.9,0.44,0.48,0.35,3.6,2.3,18.1,101.9259,108.0207,0.3400242,-11.322,BW
Austin Peay,265,282,103,112.4,0.49,0.52,0.26,0.69,0.46,0.5,0.1,0.05,67.3,0.402,0.289,70.1,0.42,0.47,0.34,0.71,12.3,1.23,75.8,0.47,0.52,0.38,6.6,2.7,17.9,101.9258,112.9305,0.2362288,-13.6268,ASun
Appalachian State,162,170,102.9,100.6,0.5,0.53,0.28,0.71,0.5,0.52,0.09,0.05,63.7,0.411,0.352,65.8,0.43,0.49,0.34,0.66,11.8,1.1,64.6,0.4,0.47,0.3,5.5,3.1,13.4,100.7281,101.281,0.4846166,-9.4189,SB
Eastern Washington,298,284,102.9,112.1,0.51,0.55,0.27,0.66,0.47,0.52,0.11,0.05,67.6,0.376,0.311,69.6,0.45,0.53,0.32,0.77,12.9,1.02,76.3,0.47,0.54,0.37,7.4,3,18.8,101.926,112.0283,0.2526283,-16.5318,BSky
SIUE,316,216,102.9,101.3,0.49,0.52,0.31,0.7,0.51,0.52,0.09,0.07,67.1,0.366,0.331,69.6,0.43,0.48,0.33,0.67,12.8,1.1,68.3,0.41,0.46,0.33,6.2,4.1,16.8,100.9273,105.9163,0.3667225,-7.8153,OVC
Stonehill,357,312,102.9,107.5,0.51,0.54,0.26,0.71,0.49,0.6,0.09,0.05,65.5,0.445,0.314,67.3,0.43,0.49,0.35,0.72,14.1,1.17,70.9,0.45,0.5,0.35,6,2.6,16.7,100.329,115.2332,0.168433,-13.8273,NEC
Dartmouth,197,209,102.8,102.5,0.5,0.54,0.23,0.75,0.5,0.57,0.07,0.05,71.9,0.465,0.303,74.2,0.42,0.5,0.34,0.75,14.5,1.24,73.5,0.43,0.52,0.3,5,3,15.1,100.6284,101.891,0.4643176,-10.6209,Ivy
West Virginia,25,51,102.8,98,0.5,0.53,0.26,0.69,0.48,0.57,0.11,0.07,65.3,0.461,0.256,68.2,0.43,0.51,0.33,0.72,13.8,1.28,64.8,0.41,0.47,0.3,7.6,4.1,16.6,110.1104,92.36,0.883837,1.441,B12
Bowling Green,324,289,102.7,108,0.5,0.54,0.26,0.73,0.49,0.44,0.1,0.05,70,0.396,0.345,71.9,0.43,0.5,0.34,0.75,10.8,0.89,75.4,0.46,0.55,0.33,7,3.1,17.5,99.7299,108.5218,0.2749273,-14.3282,MAC
Loyola-Marymount,146,162,102.7,105.4,0.5,0.53,0.23,0.69,0.47,0.51,0.08,0.07,68.5,0.404,0.29,70.3,0.44,0.51,0.33,0.72,12.8,1.23,72.1,0.43,0.49,0.32,5.6,4,16.6,104.3216,103.5109,0.5216149,-7.0138,WCC
Coastal Carolina,332,328,102.5,111.9,0.49,0.53,0.29,0.71,0.51,0.49,0.05,0.03,64.1,0.392,0.344,66,0.43,0.48,0.35,0.69,11.3,0.96,72.2,0.43,0.49,0.33,3.1,1.6,17.9,101.2268,114.8326,0.1901318,-18.3333,SB
Niagara,279,322,102.5,109.4,0.52,0.55,0.23,0.73,0.48,0.51,0.09,0.04,64.9,0.428,0.304,67.4,0.45,0.52,0.35,0.74,12.2,1,71.6,0.46,0.52,0.37,6.1,2.2,15.5,100.9276,115.5334,0.1742328,-16.732,MAAC
Penn,169,304,102.5,114.4,0.49,0.52,0.27,0.7,0.48,0.56,0.07,0.03,67.6,0.444,0.289,69.6,0.42,0.5,0.33,0.7,13.7,1.24,77.4,0.45,0.5,0.38,4.9,1.7,15.3,103.2233,116.0341,0.2072305,-13.9275,Ivy
UTEP,109,157,102.5,104.6,0.49,0.53,0.25,0.68,0.46,0.51,0.14,0.05,69.1,0.362,0.369,71.1,0.43,0.48,0.35,0.72,12.5,1.08,72.1,0.46,0.54,0.33,9.5,2.8,18.2,105.7195,104.3124,0.5384147,-8.617,CUSA
Loyola-Maryland,342,308,102.4,107.9,0.5,0.53,0.29,0.72,0.5,0.55,0.1,0.05,66.8,0.396,0.293,68.7,0.44,0.51,0.33,0.69,13.6,1.15,72.1,0.47,0.53,0.35,6.9,2.9,15.5,99.9296,112.7302,0.2007309,-16.1313,Pat
Tennessee Tech,340,292,102.4,107.3,0.51,0.54,0.25,0.68,0.47,0.59,0.09,0.04,68.6,0.464,0.289,70.8,0.43,0.49,0.35,0.71,14.7,1.22,74.1,0.44,0.51,0.32,6.4,2.7,13.6,101.3267,112.3294,0.233929,-13.3263,OVC
Boston College,152,202,102.3,110.3,0.49,0.52,0.29,0.7,0.49,0.45,0.08,0.07,66.9,0.33,0.315,70.4,0.43,0.48,0.34,0.72,11.5,0.96,75.8,0.46,0.51,0.35,5.2,3.9,18.5,105.0206,106.5174,0.4612177,-10.12,ACC
Rider,317,314,102.3,110.4,0.48,0.51,0.32,0.69,0.5,0.51,0.08,0.05,65.5,0.301,0.296,67,0.43,0.48,0.31,0.72,12.5,1.12,71.8,0.46,0.53,0.36,5.4,3.1,14.5,102.1255,115.0328,0.2029308,-14.729,MAAC
Tennessee-Martin,302,291,102.3,107.5,0.48,0.51,0.35,0.69,0.51,0.51,0.12,0.04,67,0.474,0.344,70.2,0.4,0.49,0.31,0.69,12.1,0.91,73.2,0.44,0.52,0.35,7.8,2.5,17,102.1256,112.73,0.2430285,-15.5305,OVC
Binghamton,335,311,102.2,108.4,0.52,0.55,0.27,0.73,0.51,0.52,0.07,0.05,66.2,0.362,0.337,68.6,0.45,0.51,0.35,0.7,12.6,0.96,73,0.43,0.5,0.34,4.3,2.9,16.1,98.831,112.1288,0.1892319,-14.2281,AE
Lehigh,287,281,102.2,107.2,0.51,0.54,0.21,0.71,0.46,0.51,0.09,0.04,66.6,0.373,0.316,68.7,0.45,0.49,0.36,0.68,12.5,1.19,72.2,0.45,0.53,0.31,5.8,2,16.2,99.8298,111.7279,0.21563,-15.3302,Pat
Marist,343,246,102.2,98.6,0.5,0.52,0.3,0.75,0.53,0.56,0.09,0.06,63.8,0.376,0.225,66,0.44,0.52,0.32,0.71,14,1.18,64.5,0.41,0.45,0.34,5.8,3.4,14.9,96.8334,106.5175,0.2497284,-8.0158,MAAC
Oklahoma State,77,95,102.2,105.4,0.49,0.53,0.31,0.7,0.5,0.51,0.13,0.05,71.4,0.347,0.41,73,0.43,0.48,0.33,0.72,12.7,0.93,76.3,0.46,0.53,0.35,9.1,2.9,19.5,108.1137,99.659,0.718285,-3.685,B12
Portland,188,288,102.1,115.9,0.5,0.54,0.24,0.7,0.47,0.61,0.07,0.04,69.1,0.436,0.322,71.7,0.43,0.5,0.34,0.78,15,1.19,81.2,0.47,0.53,0.38,4.5,2.8,15.4,106.4181,113.5313,0.3216248,-12.7252,WCC
Tulsa,229,271,102.1,108.7,0.5,0.53,0.27,0.69,0.49,0.54,0.09,0.05,67.6,0.423,0.342,70.1,0.43,0.52,0.31,0.67,13.4,1.16,74.2,0.44,0.5,0.33,6,2.7,16,102.2252,108.0208,0.345124,-14.4283,Amer
Le Moyne,321,350,102,115.7,0.52,0.55,0.26,0.67,0.47,0.54,0.1,0.03,68.5,0.413,0.377,71.9,0.45,0.53,0.33,0.71,13.5,0.98,81.4,0.47,0.54,0.37,6.7,2,19.3,102.9241,122.2362,0.1216347,-19.2339,NEC
Lamar,172,169,101.9,101.5,0.47,0.5,0.36,0.68,0.52,0.57,0.11,0.09,65.9,0.328,0.29,67.4,0.41,0.44,0.36,0.7,13.8,1.1,67,0.41,0.48,0.31,6.9,5.1,15.5,101.8261,102.192,0.4919165,-7.2142,Slnd
Mercer,273,261,101.8,106.3,0.49,0.51,0.29,0.71,0.5,0.46,0.11,0.04,71.5,0.401,0.298,73.7,0.43,0.5,0.32,0.65,12.4,1.03,77,0.43,0.5,0.35,7.7,2.6,16.8,98.3318,107.5193,0.2618279,-14.5288,SC
Missouri State,149,245,101.8,108.6,0.51,0.53,0.32,0.72,0.51,0.5,0.11,0.05,64.4,0.37,0.343,67.5,0.44,0.49,0.36,0.65,12,0.88,71.9,0.48,0.55,0.36,7.1,2.7,18.4,102.225,105.3147,0.4127201,-17.0326,MVC
Weber State,294,301,101.8,112.5,0.5,0.54,0.24,0.7,0.47,0.43,0.1,0.04,66.1,0.372,0.347,67.9,0.44,0.51,0.32,0.7,10.3,0.92,74.4,0.46,0.52,0.37,6.4,2.2,18.2,100.8277,112.1285,0.2295293,-17.2327,BSky
Lafayette,318,283,101.6,104.5,0.5,0.53,0.24,0.72,0.48,0.59,0.08,0.06,65.9,0.403,0.305,67.8,0.43,0.5,0.34,0.69,14.4,1.3,69.7,0.44,0.48,0.36,5.6,3.5,15.4,97.8325,108.8229,0.2267295,-16.8322,Pat
Seattle University,158,155,101.6,100.5,0.47,0.51,0.3,0.73,0.5,0.51,0.12,0.06,67.7,0.363,0.423,68.8,0.41,0.46,0.31,0.71,11.7,1.02,67.6,0.45,0.53,0.32,8,3.1,17.8,102.924,101.384,0.5460142,-12.3243,WAC
Denver,269,300,101.5,112.2,0.5,0.54,0.26,0.71,0.48,0.43,0.09,0.05,68.1,0.369,0.316,70.3,0.44,0.51,0.33,0.74,10.8,0.85,77.7,0.48,0.56,0.34,6.4,2.6,22.4,100.1294,108.622,0.2828271,-16.0312,Sum
Harvard,159,256,101.5,107.8,0.51,0.54,0.25,0.69,0.47,0.54,0.11,0.05,67,0.399,0.244,68.3,0.44,0.52,0.32,0.78,13.7,1.13,72.3,0.46,0.53,0.34,7.5,2.9,14.4,102.1253,107.8203,0.3486238,-10.9212,Ivy
Western Illinois,347,337,101.5,111.3,0.5,0.53,0.28,0.68,0.48,0.38,0.08,0.06,65,0.371,0.272,66.6,0.43,0.47,0.37,0.69,9.3,0.78,73.3,0.45,0.5,0.35,5.4,3.5,14.5,99.6302,116.9346,0.1371341,-16.3316,OVC
Boston University,330,290,101.4,105.8,0.5,0.53,0.32,0.77,0.54,0.49,0.09,0.05,63.7,0.419,0.309,65.6,0.43,0.51,0.33,0.67,11.4,0.86,68.3,0.45,0.51,0.36,5.7,2.6,16,98.4317,111.5275,0.1917313,-13.2262,Pat
New Mexico State,133,144,101.3,101.7,0.46,0.5,0.33,0.72,0.52,0.46,0.09,0.04,66.6,0.37,0.345,67.7,0.41,0.46,0.31,0.68,10.8,1.04,67.3,0.41,0.49,0.3,5.7,2.2,18.6,104.8211,99.353,0.6493106,-8.6169,CUSA
La Salle,96,214,101.2,108.1,0.46,0.5,0.3,0.71,0.5,0.45,0.1,0.06,69.8,0.332,0.314,70.9,0.41,0.45,0.33,0.72,11.3,1.04,75.5,0.46,0.55,0.33,7.1,3.6,16,103.423,107.6195,0.3857216,-11.9234,A10
Northwestern State,230,230,101.2,106.4,0.49,0.52,0.33,0.67,0.51,0.53,0.1,0.07,64.1,0.357,0.322,65.4,0.43,0.47,0.35,0.7,12.3,0.94,69,0.43,0.47,0.36,6.6,4.2,15.8,102.8242,107.0187,0.3879213,-9.5191,Slnd
VMI,307,298,101.2,110.5,0.49,0.53,0.25,0.68,0.47,0.48,0.11,0.04,68,0.469,0.375,69.1,0.41,0.5,0.31,0.77,11,0.89,75.5,0.46,0.56,0.35,7.5,2.6,16.6,98.4316,111.6277,0.1905317,-14.9295,SC
Mount Saint Mary's,185,236,101.1,103.5,0.51,0.54,0.31,0.72,0.53,0.6,0.09,0.04,67.6,0.411,0.305,69.3,0.44,0.5,0.35,0.73,14.7,1,70.7,0.42,0.49,0.32,5.9,2.6,15.6,100.2,107.7,0.305,-8.1,MAAC
Merrimack,177,182,101,98.1,0.49,0.52,0.21,0.62,0.41,0.5,0.15,0.07,64.5,0.429,0.244,65.6,0.42,0.49,0.33,0.72,11.8,1.33,64.2,0.41,0.47,0.31,9.5,3.8,15.7,98.6314,101.588,0.4199197,-9.9196,MAAC
Stony Brook,204,340,101,117,0.48,0.52,0.3,0.69,0.48,0.49,0.08,0.04,65,0.391,0.316,65.6,0.41,0.46,0.34,0.75,11.1,0.93,75.1,0.48,0.57,0.36,4.9,2,15.4,101.5265,117.7353,0.1546333,-19.6344,CAA
Vermont,254,232,101,101.5,0.49,0.52,0.26,0.74,0.5,0.5,0.08,0.08,63.9,0.435,0.298,64.5,0.42,0.5,0.32,0.72,11.3,1.03,65,0.42,0.48,0.33,5.1,4.2,13.8,99.8297,104.8135,0.3636227,-8.116,AE
Fairleigh Dickinson,334,303,100.9,106.4,0.49,0.53,0.26,0.68,0.47,0.54,0.1,0.05,68.7,0.415,0.321,70.5,0.42,0.5,0.32,0.72,13.2,1.12,74.4,0.45,0.53,0.3,6.8,2.7,16.3,98.1321,110.0251,0.2122302,-15.831,NEC
UMass,125,221,100.8,105.2,0.45,0.49,0.34,0.69,0.51,0.48,0.11,0.08,70.8,0.322,0.34,72.5,0.41,0.47,0.28,0.67,12.5,1.09,75.7,0.43,0.5,0.33,7.7,4.7,18.3,101.5266,106.3169,0.3707223,-13.6269,A10
Charleston Southern,179,294,100.7,112.5,0.49,0.52,0.31,0.72,0.51,0.48,0.07,0.04,68.8,0.42,0.439,70.1,0.42,0.51,0.31,0.66,11.1,0.8,78.8,0.49,0.55,0.32,4.6,2.6,17.8,99.1307,112.1286,0.1959311,-16.3315,BSth
Florida A&M,333,321,100.7,111,0.51,0.54,0.28,0.68,0.49,0.52,0.07,0.05,68.3,0.466,0.367,68.8,0.43,0.51,0.34,0.71,12.1,0.86,76.1,0.45,0.52,0.34,5,3.1,18.2,102.2251,116.5344,0.1810323,-10.9213,SWAC
Green Bay,216,338,100.7,116.3,0.51,0.56,0.18,0.68,0.44,0.59,0.07,0.03,69.1,0.462,0.37,69.9,0.43,0.52,0.33,0.79,13.7,1.1,80.6,0.48,0.54,0.37,5,2,18.4,101.1272,115.6336,0.1759327,-22.7363,Horz
Old Dominion,234,293,100.7,109.2,0.44,0.48,0.36,0.68,0.51,0.44,0.08,0.06,66.4,0.358,0.309,67.4,0.39,0.45,0.28,0.71,10.4,0.92,72.8,0.45,0.51,0.34,5.5,3.4,16.9,99.63,110.7261,0.2297292,-15.4303,SB
Wyoming,157,197,100.7,107.7,0.5,0.53,0.3,0.73,0.51,0.48,0.07,0.05,65.1,0.407,0.304,65.8,0.43,0.5,0.34,0.65,11.4,0.88,70.7,0.45,0.52,0.33,4.3,2.8,19.1,103.1237,105.6157,0.4308191,-11.0216,MWC
Mercyhurst,360,336,100.6,109.8,0.49,0.53,0.22,0.67,0.44,0.58,0.1,0.04,64.5,0.364,0.309,65.8,0.42,0.46,0.36,0.81,13,1.22,71.8,0.48,0.56,0.36,6.6,1.9,16.7,100.3289,115.934,0.1589332,-12.6246,NEC
Southern Indiana,338,331,100.6,108.9,0.48,0.52,0.28,0.69,0.48,0.43,0.1,0.05,68.3,0.335,0.307,69.6,0.42,0.45,0.35,0.74,10.7,0.9,75.1,0.45,0.5,0.37,6.6,2.6,17.9,98.7313,114.8325,0.1488336,-17.533,OVC
Iona,239,252,100.5,101.8,0.48,0.5,0.39,0.69,0.53,0.56,0.14,0.05,68.8,0.347,0.279,69.7,0.42,0.48,0.32,0.69,14.5,1,70.5,0.44,0.54,0.33,9.6,2.8,18.4,99.6301,105.5151,0.3407241,-13.8274,MAAC
Saint Francis (PA),261,297,100.5,107.8,0.52,0.54,0.25,0.7,0.48,0.51,0.09,0.04,66.4,0.42,0.24,68,0.45,0.53,0.34,0.73,12.7,0.96,73.4,0.44,0.53,0.32,6.1,2.4,15.5,100.2293,111.9281,0.2181299,-12.2242,NEC
Southern,358,224,100.4,98.5,0.47,0.51,0.34,0.71,0.52,0.49,0.13,0.07,69.7,0.332,0.382,70.6,0.42,0.47,0.31,0.66,12.2,0.93,69.5,0.43,0.48,0.34,9.2,4,18.8,98.7311,102.81,0.3847217,-7.214,SWAC
Stetson,341,353,100.4,118.1,0.5,0.54,0.24,0.66,0.46,0.46,0.07,0.05,69,0.376,0.331,69.9,0.44,0.5,0.34,0.74,11.2,0.86,81.9,0.46,0.53,0.36,5,2.9,14.9,98.9309,119.7358,0.0997353,-19.5342,ASun
TCU,36,78,100.1,102.3,0.47,0.5,0.33,0.7,0.51,0.5,0.11,0.06,67.2,0.347,0.335,67.6,0.42,0.48,0.3,0.65,12.2,1.05,68.7,0.44,0.53,0.32,7.6,3.4,15.7,106.3185,96.325,0.757775,-1.867,B12
Western Kentucky,102,159,100.1,102.5,0.48,0.52,0.24,0.72,0.48,0.44,0.11,0.05,73,0.397,0.321,73.3,0.42,0.48,0.32,0.72,11.3,0.99,74.8,0.41,0.49,0.31,7.8,2.7,19,103.2234,103.4108,0.4930163,-8.4167,CUSA
Jackson State,278,264,100,105.3,0.48,0.52,0.3,0.7,0.5,0.5,0.1,0.06,70.3,0.337,0.375,71.4,0.42,0.47,0.33,0.73,12.2,0.88,74.6,0.44,0.5,0.34,7.1,3.4,16.5,100.3288,107.5194,0.3098256,-10.721,SWAC
Fairfield,208,327,99.8,110.2,0.46,0.5,0.29,0.69,0.47,0.51,0.1,0.05,66.6,0.383,0.254,66.7,0.4,0.46,0.32,0.73,12.3,1.19,73.5,0.47,0.53,0.36,6.6,3,16.4,97.5329,113.2308,0.1526335,-16.9324,MAAC
Little Rock,315,234,99.8,99.3,0.5,0.53,0.3,0.65,0.48,0.53,0.13,0.09,68.1,0.302,0.29,68.5,0.44,0.47,0.37,0.71,13.2,0.95,67.7,0.4,0.46,0.31,8.9,5.3,17.3,98.2319,105.3146,0.3100255,-10.0199,OVC
Richmond,69,253,99.8,110.3,0.48,0.53,0.19,0.72,0.46,0.52,0.09,0.04,64.2,0.456,0.297,65.6,0.41,0.5,0.31,0.81,11.6,1.14,72.6,0.44,0.52,0.35,6,2,17.6,103.5225,108.823,0.3607228,-15.23,A10
Houston Christian,285,287,99.6,107.9,0.49,0.52,0.26,0.68,0.46,0.46,0.12,0.06,64.9,0.44,0.305,64.7,0.42,0.49,0.33,0.69,10.6,0.9,69.9,0.48,0.55,0.32,7.6,3.5,13.5,100.5286,108.3213,0.2973263,-14.5285,Slnd
Pacific,242,295,99.4,112.7,0.48,0.52,0.29,0.72,0.5,0.5,0.08,0.05,67.9,0.378,0.328,68,0.43,0.5,0.3,0.73,11.9,0.91,77.2,0.46,0.53,0.36,5.6,2.7,18.6,100.8278,110.4254,0.2606281,-15.7309,WCC
Utah Tech,231,309,99.4,111.4,0.49,0.52,0.26,0.67,0.46,0.52,0.09,0.06,68.4,0.398,0.336,68.2,0.42,0.48,0.33,0.7,12.2,0.97,76.9,0.48,0.54,0.34,6.4,3.3,19.4,101.7262,114.1318,0.2109303,-20.0348,WAC
Central Arkansas,310,343,99,115.2,0.48,0.51,0.29,0.7,0.48,0.56,0.1,0.04,67.5,0.478,0.288,68.5,0.4,0.5,0.3,0.72,13.4,1.07,79.4,0.47,0.55,0.39,7.1,2.4,13.9,97.333,117.335,0.1045351,-18.4334,ASun
Hofstra,237,217,99,99.9,0.49,0.52,0.26,0.71,0.49,0.56,0.09,0.07,64.1,0.423,0.253,64.5,0.42,0.48,0.33,0.71,13,1.13,65.6,0.39,0.43,0.34,5.8,3.9,17.7,97.9324,102.696,0.3664226,-13.5265,CAA
Long Beach State,176,326,98.7,114.3,0.49,0.54,0.29,0.65,0.47,0.49,0.08,0.05,65.9,0.371,0.355,65.9,0.43,0.47,0.35,0.76,11.1,0.77,75.6,0.46,0.51,0.38,5.4,2.9,18.4,100.5285,114.0317,0.1907315,-19.2338,BW
Prairie View A&M,356,356,98.6,114.6,0.48,0.52,0.25,0.61,0.41,0.48,0.11,0.06,71.2,0.337,0.338,70.2,0.43,0.49,0.32,0.69,11.9,1,82.2,0.5,0.58,0.36,8,3.3,18.9,96.2338,117.9354,0.0882357,-21.3358,SWAC
Saint Peter's,314,286,98.6,102.3,0.45,0.49,0.37,0.69,0.53,0.46,0.1,0.07,64.5,0.385,0.348,64.1,0.39,0.43,0.32,0.74,9.8,0.73,66.3,0.41,0.47,0.32,6.3,3.5,18.8,95.3347,105.6155,0.2358289,-13.4264,MAAC
Long Island,352,280,98.5,100.2,0.48,0.51,0.32,0.73,0.52,0.44,0.12,0.07,65.2,0.334,0.276,65.5,0.43,0.49,0.3,0.73,10.7,0.8,66.5,0.42,0.49,0.31,7.7,3.4,18.9,95.235,104.2122,0.261328,-12.725,NEC
Bethune-Cookman,346,277,98.4,103.8,0.48,0.52,0.29,0.7,0.5,0.53,0.1,0.06,69.8,0.339,0.359,68.6,0.43,0.48,0.32,0.69,12.8,0.94,72.2,0.43,0.5,0.31,6.7,3.6,16.1,97.6326,108.6223,0.2261296,-10.2201,SWAC
North Carolina A&T,259,333,98.3,111.3,0.46,0.49,0.27,0.69,0.47,0.44,0.09,0.05,69.1,0.36,0.312,67.9,0.4,0.46,0.3,0.69,10.8,1.01,76.9,0.45,0.52,0.33,6.1,3.1,15,96.6337,112.7303,0.1439338,-20.235,CAA
South Carolina Upstate,225,347,98.2,116.9,0.5,0.53,0.25,0.68,0.46,0.48,0.1,0.04,73.9,0.369,0.303,72.6,0.44,0.53,0.29,0.68,12.8,0.91,85.5,0.49,0.58,0.35,7.4,2.3,19.4,99.1306,115.1329,0.1528334,-21.1356,BSth
Morehead State,293,317,98.1,107,0.46,0.5,0.31,0.75,0.52,0.48,0.08,0.04,64.6,0.341,0.376,63.7,0.41,0.46,0.31,0.67,10.6,0.9,69.8,0.45,0.5,0.34,5.3,2.3,16.7,98.232,111.9282,0.1814322,-13.226,OVC
West Georgia,280,345,98.1,114.6,0.47,0.5,0.26,0.71,0.47,0.51,0.1,0.05,69.1,0.301,0.288,67.8,0.43,0.48,0.3,0.69,12.9,1.15,78.8,0.48,0.57,0.37,6.9,3,15.9,96.9332,115.133,0.1212348,-20.5352,ASun
Texas Southern,355,285,97.9,101,0.48,0.51,0.31,0.66,0.48,0.52,0.12,0.06,71.3,0.358,0.29,70.4,0.42,0.46,0.33,0.72,13.1,0.92,72.4,0.41,0.47,0.33,8.4,3.6,17.3,95.6344,105.0139,0.2541282,-12.0236,SWAC
Alcorn State,348,330,97.7,109.2,0.46,0.5,0.33,0.68,0.5,0.44,0.1,0.05,66.6,0.296,0.304,65.3,0.41,0.45,0.32,0.72,10.3,0.8,72.4,0.45,0.55,0.34,6.6,2.6,16.7,97.6327,111.4272,0.1787325,-15.0298,SWAC
Canisius,166,357,97.6,119.1,0.51,0.54,0.18,0.66,0.42,0.48,0.09,0.04,66.4,0.414,0.233,64.8,0.44,0.48,0.37,0.76,11.2,0.92,78.6,0.5,0.59,0.36,6.2,2.4,16,99.4303,121.136,0.0928354,-23.3364,MAAC
Southern Miss,206,299,97.6,107.1,0.48,0.51,0.28,0.7,0.49,0.57,0.09,0.07,71.1,0.369,0.338,69.9,0.42,0.5,0.3,0.69,14.2,1.02,76.5,0.44,0.51,0.33,6.7,4.2,17.1,96.8335,108.9233,0.2048306,-17.0325,SB
San Diego,219,324,97.5,111.9,0.46,0.5,0.3,0.68,0.48,0.46,0.1,0.06,71.9,0.358,0.305,70.2,0.4,0.46,0.3,0.75,11.3,0.86,80.2,0.47,0.52,0.39,7.3,3.5,21.2,100.0295,111.2267,0.2275294,-19.6345,WCC
Evansville,141,257,97.4,106.6,0.49,0.52,0.23,0.71,0.47,0.53,0.09,0.08,66.8,0.406,0.311,65.1,0.43,0.52,0.3,0.71,12.2,1.03,71.4,0.43,0.5,0.34,6,4.4,16.6,98.5315,105.6156,0.3085257,-14.8293,MVC
Louisiana,171,320,97.2,109.5,0.46,0.5,0.26,0.65,0.44,0.45,0.11,0.05,66.2,0.381,0.298,64.9,0.4,0.45,0.31,0.73,10.3,0.97,73.3,0.46,0.54,0.32,7.1,2.9,17.5,97.9323,109.7245,0.2136301,-15.8311,SB
Buffalo,227,341,97.1,113.2,0.49,0.52,0.25,0.69,0.47,0.53,0.09,0.06,72.4,0.44,0.327,70.3,0.42,0.51,0.3,0.7,13,0.92,81.6,0.48,0.53,0.37,6.3,3.5,17.2,95.8342,113.5312,0.1251345,-17.3329,MAC
New Orleans,217,346,97.1,117.4,0.46,0.49,0.32,0.65,0.48,0.5,0.1,0.04,69.4,0.307,0.339,67.9,0.41,0.46,0.3,0.67,12.3,0.93,82.5,0.47,0.55,0.36,7.3,2.6,15,99.3304,117.6352,0.1248346,-19.7346,Slnd
FIU,193,260,96.9,103.3,0.46,0.5,0.31,0.7,0.5,0.48,0.13,0.08,69,0.301,0.36,67.9,0.42,0.47,0.29,0.71,11.5,0.84,73,0.45,0.53,0.33,8.9,4.5,17.3,96.0339,104.1118,0.2835269,-17.6331,CUSA
Grambling State,339,325,96.9,103.9,0.47,0.52,0.26,0.69,0.48,0.48,0.1,0.06,66,0.35,0.351,64.4,0.42,0.47,0.32,0.73,10.8,0.85,69.3,0.43,0.47,0.36,6.7,3.5,16.9,95.7343,108.6224,0.188632,-16.9323,SWAC
Detroit,211,329,96.7,111,0.46,0.49,0.32,0.7,0.51,0.44,0.08,0.04,67.5,0.284,0.289,66.3,0.41,0.44,0.33,0.73,10.6,0.81,76.6,0.43,0.52,0.33,5.8,2.5,19,95.1351,112.2292,0.1299343,-19.0336,Horz
UC Davis,174,237,96.7,103.5,0.46,0.51,0.28,0.66,0.47,0.48,0.11,0.06,68.2,0.355,0.383,66.2,0.41,0.45,0.32,0.74,10.5,0.78,71.1,0.43,0.48,0.35,7.8,3.5,18.5,97.2331,104.1121,0.3107254,-11.5224,BW
Fresno State,168,278,96.6,111.4,0.46,0.5,0.27,0.66,0.46,0.44,0.1,0.05,71.2,0.353,0.364,70.7,0.41,0.46,0.31,0.69,10.8,0.83,80.7,0.47,0.56,0.34,7.6,3.2,15.4,100.6282,108.6219,0.2932265,-16.6319,MWC
Lindenwood,312,313,96.4,104.1,0.45,0.49,0.3,0.69,0.48,0.42,0.11,0.06,69.7,0.346,0.36,68.3,0.4,0.48,0.27,0.69,10.2,0.8,74.2,0.44,0.5,0.35,7.7,3.7,17,94.8352,107.7199,0.1867321,-12.8253,OVC
ULM,308,349,96.4,112.5,0.45,0.49,0.29,0.68,0.48,0.52,0.1,0.04,68,0.339,0.311,66.1,0.4,0.43,0.33,0.71,12,1.02,76.9,0.46,0.56,0.34,6.9,2.3,14.2,96.8333,114.5321,0.1267344,-20.9353,SB
Arkansas-Pine Bluff,364,363,96.2,117.9,0.5,0.52,0.26,0.65,0.45,0.52,0.1,0.04,72.5,0.379,0.328,69.8,0.44,0.53,0.31,0.59,13.5,0.91,85.7,0.48,0.59,0.36,7,2.1,19.1,95.3349,121.7361,0.0562362,-20.1349,SWAC
Sacramento State,331,344,96.2,111.8,0.48,0.51,0.27,0.73,0.49,0.53,0.09,0.05,65.8,0.449,0.313,63.3,0.41,0.49,0.31,0.68,11.8,0.89,73.4,0.47,0.55,0.37,5.7,2.7,19,95.4346,113.9316,0.115435,-20.9354,BSky
Abilene Christian,281,228,95.9,100,0.47,0.51,0.3,0.69,0.48,0.51,0.14,0.06,69.8,0.253,0.372,67.6,0.43,0.48,0.29,0.72,12.4,0.85,71,0.46,0.53,0.33,10,2.9,21.5,98.1322,101.385,0.4081204,-10.6208,WAC
Southern Utah,305,306,95.5,107.5,0.47,0.51,0.3,0.68,0.5,0.49,0.07,0.07,70,0.326,0.362,66.8,0.42,0.47,0.31,0.73,11.3,0.75,75.3,0.45,0.5,0.33,4.7,4,18.3,96.034,109.7247,0.1768326,-13.727,WAC
Air Force,123,323,95.1,112.9,0.5,0.53,0.23,0.71,0.47,0.63,0.09,0.05,64.6,0.485,0.354,61.9,0.42,0.51,0.33,0.64,13.4,0.99,73.7,0.48,0.55,0.36,5.7,2.8,17.8,98.7312,109.6243,0.2307291,-19.4341,MWC
NJIT,337,352,95.1,110.2,0.45,0.49,0.28,0.68,0.48,0.42,0.07,0.06,66.9,0.378,0.274,63.9,0.4,0.45,0.31,0.73,9.6,0.79,73.9,0.45,0.52,0.31,4.7,3.5,18.4,94.2354,113.7314,0.1031352,-21.5361,AE
New Hampshire,304,355,95,112.7,0.47,0.5,0.27,0.68,0.47,0.46,0.08,0.04,68.3,0.408,0.264,64.9,0.41,0.47,0.32,0.65,11,0.84,77.2,0.48,0.56,0.34,5.7,2.3,16.6,94.0355,115.1331,0.0885356,-20.4351,AE
Alabama A&M,361,360,94.6,109.6,0.45,0.49,0.34,0.65,0.48,0.53,0.11,0.07,72,0.415,0.386,69.3,0.39,0.44,0.31,0.67,12.3,0.77,79.9,0.47,0.52,0.39,8,3.8,21.3,92.836,114.9327,0.0791358,-18.8335,SWAC
Northern Illinois,233,354,94.6,112.5,0.47,0.51,0.18,0.69,0.43,0.52,0.08,0.06,70.3,0.492,0.316,67.4,0.39,0.45,0.33,0.71,11.8,1.02,79.5,0.46,0.51,0.38,5.6,3.4,20,94.4353,112.2291,0.1204349,-20.9355,MAC
The Citadel,296,362,94.5,116.3,0.47,0.49,0.27,0.68,0.47,0.52,0.08,0.03,65.7,0.452,0.328,63,0.4,0.5,0.29,0.62,11.6,0.9,76.9,0.47,0.56,0.35,5.5,1.9,16.2,93.8356,117.6351,0.069436,-21.536,SC
East Texas A&M,215,335,94.4,110.1,0.49,0.51,0.28,0.64,0.45,0.62,0.12,0.07,67.9,0.483,0.28,64.4,0.42,0.51,0.31,0.64,14.2,0.92,74.9,0.47,0.53,0.37,8.4,3.9,16.8,96.7336,111.1265,0.1692329,-19.9347,Slnd
Seton Hall,91,211,94.4,106.8,0.45,0.48,0.31,0.68,0.48,0.51,0.12,0.07,64.5,0.305,0.329,61.6,0.4,0.44,0.31,0.66,11.2,0.9,70.2,0.47,0.55,0.37,8.1,3.3,18.1,97.5328,101.386,0.3913211,-13.1258,BE
Eastern Illinois,313,318,94.3,103.8,0.44,0.48,0.3,0.69,0.48,0.46,0.12,0.05,66.8,0.297,0.33,63.5,0.39,0.43,0.32,0.69,10.4,0.83,70.2,0.43,0.5,0.35,8.4,2.4,18.9,93.7357,105.8162,0.197831,-14.5287,OVC
Wagner,362,339,93.9,102.6,0.44,0.48,0.32,0.75,0.52,0.55,0.1,0.03,60.4,0.376,0.293,57.5,0.38,0.42,0.32,0.71,11,0.93,63,0.43,0.51,0.33,5.8,1.4,17.8,93.0359,108.8227,0.1423339,-13.0257,NEC
Maryland Eastern Shore,292,361,93.5,118.3,0.45,0.49,0.27,0.66,0.45,0.47,0.08,0.04,67.7,0.372,0.356,63.3,0.39,0.44,0.32,0.67,10.1,0.76,79.5,0.49,0.59,0.33,5.2,2,18.6,95.3348,118.9356,0.0725359,-19.434,MEAC
Stephen F. Austin,228,273,93.2,101.4,0.47,0.49,0.35,0.67,0.5,0.51,0.12,0.07,68.5,0.368,0.322,64.7,0.41,0.49,0.29,0.63,12,0.73,69.4,0.43,0.48,0.34,8,4,16.5,95.9341,104.8134,0.2643278,-12.1238,Slnd
Western Carolina,209,342,93.1,112.2,0.45,0.49,0.26,0.71,0.48,0.49,0.07,0.05,71.1,0.482,0.27,67.1,0.38,0.46,0.3,0.73,11.3,0.83,80.6,0.44,0.53,0.33,4.9,3.2,17.6,95.5345,112.5296,0.1327342,-16.8321,SC
Cal State Fullerton,165,348,90.8,113.6,0.44,0.49,0.26,0.7,0.48,0.42,0.07,0.03,68.7,0.341,0.392,62.3,0.4,0.46,0.27,0.74,8.7,0.6,78.7,0.46,0.56,0.35,4.9,1.9,17.8,91.9362,112.3295,0.0902355,-19.6343,BW
Chicago State,212,358,89.6,113.7,0.44,0.48,0.23,0.66,0.43,0.49,0.11,0.06,69.3,0.409,0.268,62.5,0.38,0.43,0.31,0.71,10.8,0.83,78.7,0.48,0.56,0.36,7.3,3.6,19,92.7361,116.3343,0.0683361,-21.8362,NEC
Tarleton State,214,302,89.5,104.7,0.46,0.51,0.28,0.66,0.47,0.46,0.13,0.07,67.3,0.256,0.415,60.2,0.42,0.45,0.32,0.73,9.6,0.57,70.2,0.45,0.53,0.34,8.9,3.4,19.5,93.1358,102.9101,0.2397287,-13.5266,WAC
Coppin State,336,359,88.7,111.1,0.44,0.48,0.27,0.66,0.45,0.5,0.11,0.03,68.8,0.321,0.364,61.3,0.39,0.44,0.29,0.68,10.8,0.72,76.9,0.49,0.56,0.36,7.8,1.8,17.5,88.0363,112.5298,0.0557363,-19.1337,MEAC
Mississippi Valley State,350,364,79.5,124.1,0.42,0.46,0.23,0.62,0.42,0.42,0.09,0.03,66,0.306,0.303,52.4,0.38,0.42,0.29,0.67,7.9,0.49,82.3,0.51,0.59,0.38,5.7,1.7,16.7,83,125.3,0.0087,-21.1,SWAC
